,hashed_feedback_id,hashed_user_id,event_date,hashed_order_id,is_negative
105,FB25_1_8400,25,2025-01-11,O25_1_6917,False
149,FB40_0_8941,40,2025-02-08,O40_0_8730,False
322,FB87_0_9465,87,2025-02-21,O87_0_8099,False
449,FB117_0_9433,117,2025-02-08,,True
497,FB129_1_4390,129,2025-01-29,O129_1_5431,True
534,FB138_1_6879,138,2025-01-15,O138_1_6774,False
600,FB153_1_5658,153,2025-02-24,O153_1_8922,False
847,FB225_0_7811,225,2025-02-17,O225_0_7314,False
937,,246,2025-01-13,,
1123,FB292_0_5675,292,2025-02-26,O292_0_1171,False
1133,FB294_0_9022,294,2025-01-05,O294_0_1588,False
1139,,294,2025-01-12,,
1416,FB363_0_4557,363,2025-02-27,O363_0_6495,False
1508,FB387_0_2468,387,2025-02-06,O387_0_7041,False
1673,FB428_1_5134,428,2025-02-04,O428_1_3838,False
1698,FB433_0_9990,433,2025-01-19,O433_0_3577,True
1735,FB441_0_3138,441,2025-02-04,O441_0_2439,False
1812,FB462_0_6902,462,2025-02-02,O462_0_9853,False
1880,FB479_0_9431,479,2025-02-27,O479_0_8928,False
2073,FB524_0_5867,524,2025-02-10,O524_0_9464,False
2131,FB537_0_2250,537,2025-01-21,O537_0_1120,False
2196,FB553_0_4659,553,2025-02-20,O553_0_1076,False
2253,FB569_1_3502,569,2025-02-20,O569_1_1100,False
2266,FB572_0_3552,572,2025-02-13,O572_0_5615,True
2968,FB744_0_7476,744,2025-02-14,O744_0_7220,False
3316,FB841_0_4360,841,2025-01-26,O841_0_6023,False
3467,FB881_0_8814,881,2025-01-29,O881_0_1973,False
3517,FB894_0_5815,894,2025-01-04,O894_0_9233,False
3611,FB916_0_5005,916,2025-02-05,O916_0_5353,False
3721,FB943_1_2031,943,2025-01-14,O943_1_7228,True
3872,FB983_0_3413,983,2025-01-28,O983_0_2419,False
3977,FB1013_0_9414,1013,2025-01-16,O1013_0_2897,False
4503,FB1151_0_4373,1151,2025-01-03,O1151_0_9335,False
4650,FB1184_1_3721,1184,2025-02-21,O1184_1_3862,False
4724,FB1203_0_7656,1203,2025-02-15,O1203_0_5841,False
4733,FB1205_0_3555,1205,2025-02-13,O1205_0_2790,True
5016,FB1271_0_9805,1271,2025-01-02,O1271_0_7115,False
5131,FB1297_0_9663,1297,2025-02-02,O1297_0_9212,False
5186,FB1314_0_1683,1314,2025-02-18,O1314_0_4709,True
5569,FB1412_0_7449,1412,2025-01-29,O1412_0_9192,False
5583,FB1414_0_2833,1414,2025-01-09,O1414_0_9532,True
5743,FB1464_0_2160,1464,2025-02-12,O1464_0_4874,True
5754,FB1466_0_8689,1466,2025-01-21,O1466_0_1026,False
5801,FB1481_0_8736,1481,2025-02-13,O1481_0_8156,True
6488,FB1658_0_4160,1658,2025-01-13,O1658_0_6458,False
7297,FB1880_0_2070,1880,2025-01-22,O1880_0_5870,False
7318,FB1886_0_4680,1886,2025-01-10,O1886_0_7900,False
7469,FB1927_1_7714,1927,2025-02-27,O1927_1_2350,True
7881,FB2032_0_6032,2032,2025-02-21,O2032_0_6725,False
7925,FB2045_0_5237,2045,2025-02-10,O2045_0_8087,False
8027,FB2072_0_2143,2072,2025-02-16,O2072_0_4488,True
8323,FB2143_0_7287,2143,2025-02-17,O2143_0_4443,False
8787,FB2271_1_9924,2271,2025-01-22,O2271_1_8062,False
9166,FB2374_0_6675,2374,2025-02-01,O2374_0_3209,False
9173,FB2376_0_5553,2376,2025-01-28,O2376_0_6001,True
9182,FB2378_0_5979,2378,2025-02-13,O2378_0_8297,True
9332,FB2419_0_3789,2419,2025-02-04,O2419_0_2248,False
9655,FB2503_1_9481,2503,2025-02-25,O2503_1_8352,True
9844,FB2552_0_8095,2552,2025-02-23,O2552_0_9577,False
10032,FB2600_0_3823,2600,2025-02-10,O2600_0_7747,False
10145,FB2627_0_4035,2627,2025-01-27,O2627_0_8227,True
10167,FB2632_0_5243,2632,2025-02-24,O2632_0_8517,False
10314,FB2671_0_7887,2671,2025-02-16,O2671_0_2571,False
10460,FB2707_0_4536,2707,2025-01-26,O2707_0_8561,False
10566,FB2739_0_3253,2739,2025-01-02,O2739_0_1234,True
11122,FB2885_0_4380,2885,2025-01-26,O2885_0_1512,False
11343,FB2946_0_2053,2946,2025-02-18,O2946_0_8172,False
11488,FB2988_0_3166,2988,2025-02-20,O2988_0_8615,False
11502,FB2992_0_5656,2992,2025-02-05,O2992_0_4179,False
11629,FB3023_0_9125,3023,2025-01-22,O3023_0_8221,True
11737,FB3056_0_9403,3056,2025-02-15,O3056_0_9011,False
11861,FB3089_0_3585,3089,2025-02-06,O3089_0_2045,False
12082,FB3156_0_5752,3156,2025-02-21,O3156_0_3558,False
12477,FB3250_0_6195,3250,2025-02-23,O3250_0_5302,False
12500,FB3254_0_3221,3254,2025-01-01,O3254_0_8051,False
12511,FB3257_0_2827,3257,2025-02-19,O3257_0_7298,True
12718,FB3317_0_8686,3317,2025-01-10,O3317_0_2383,True
12891,FB3361_0_1303,3361,2025-01-09,O3361_0_5029,False
13598,FB3561_0_3275,3561,2025-01-09,O3561_0_6408,False
13657,FB3579_0_5607,3579,2025-02-18,O3579_0_7052,False
13973,FB3659_0_8685,3659,2025-02-07,O3659_0_5834,False
14032,FB3673_0_1212,3673,2025-01-03,O3673_0_2151,True
14196,FB3723_0_9971,3723,2025-02-17,O3723_0_8786,False
14231,FB3734_0_6476,3734,2025-02-02,O3734_0_1173,False
14509,FB3816_0_1142,3816,2025-02-02,O3816_0_5448,False
14681,FB3862_0_6947,3862,2025-02-17,O3862_0_8158,True
14687,FB3862_1_8203,3862,2025-02-24,O3862_1_3190,True
14698,FB3865_0_7161,3865,2025-02-22,O3865_0_1316,False
14726,FB3870_0_9005,3870,2025-01-23,O3870_0_2046,False
14803,FB3890_0_7358,3890,2025-02-03,O3890_0_7807,False
14894,FB3915_0_2124,3915,2025-02-13,O3915_0_3948,False
15122,FB3969_0_1550,3969,2025-01-15,O3969_0_2308,False
15377,FB4037_0_5318,4037,2025-01-23,O4037_0_4407,True
15452,FB4056_0_1259,4056,2025-02-09,O4056_0_3680,True
16515,FB4359_0_9466,4359,2025-01-11,O4359_0_3799,True
16642,FB4393_0_4083,4393,2025-01-15,O4393_0_4019,False
16899,FB4461_0_6537,4461,2025-02-21,O4461_0_9678,True
16940,FB4471_1_1337,4471,2025-01-11,O4471_1_3118,False
17190,FB4531_0_3549,4531,2025-02-13,O4531_0_3317,False
17327,FB4563_0_3388,4563,2025-02-22,O4563_0_8790,True
17437,FB4593_0_9623,4593,2025-01-05,O4593_0_7961,False
17469,FB4599_1_1984,4599,2025-02-17,O4599_1_9366,True
17491,FB4603_0_8330,4603,2025-02-22,O4603_0_8110,False
18254,FB4824_0_9133,4824,2025-01-14,O4824_0_1870,False
18347,FB4850_0_6676,4850,2025-01-03,O4850_0_9575,False
18361,,4852,2025-02-15,O4852_0_5431,False
18530,FB4902_0_1018,4902,2025-02-01,O4902_0_8195,False
19302,FB5108_0_1119,5108,2025-01-09,,False
19309,,5110,2025-02-21,,
19490,FB5159_0_1384,5159,2025-02-23,O5159_0_5588,True
19885,FB5261_0_4045,5261,2025-02-28,O5261_0_9965,False
20233,FB5347_0_4598,5347,2025-02-12,O5347_0_4387,False
20324,FB5372_0_5982,5372,2025-02-28,O5372_0_3365,False
20482,FB5417_0_3117,5417,2025-01-02,,False
20756,FB5488_0_1155,5488,2025-01-06,O5488_0_1525,False
20832,FB5506_0_2768,5506,2025-01-23,O5506_0_7876,False
21196,FB5602_0_3047,5602,2025-02-11,O5602_0_5766,False
21466,FB5680_0_8796,5680,2025-01-14,O5680_0_4905,True
21647,FB5729_0_4034,5729,2025-01-14,O5729_0_8266,True
21819,FB5775_1_7365,5775,2025-02-17,O5775_1_4859,True
21838,FB5780_0_1286,5780,2025-01-23,O5780_0_2475,False
22059,FB5838_0_1636,5838,2025-01-19,O5838_0_8897,True
22085,FB5844_0_8943,5844,2025-02-19,O5844_0_1630,False
22164,FB5871_0_4087,5871,2025-02-06,O5871_0_3486,False
22458,FB5951_0_8380,5951,2025-01-29,O5951_0_3052,False
22963,FB6097_0_9618,6097,2025-01-28,O6097_0_6762,False
23424,,6222,2025-02-22,O6222_0_5226,False
23543,FB6249_0_5896,6249,2025-02-13,O6249_0_6915,False
23849,FB6326_0_6266,6326,2025-01-16,O6326_0_3684,False
23930,FB6346_0_6065,6346,2025-02-02,,False
24228,FB6419_0_1538,6419,2025-01-04,O6419_0_3687,True
24307,FB6444_0_7739,6444,2025-01-04,O6444_0_5011,True
24379,FB6464_0_1720,6464,2025-01-20,O6464_0_5593,False
24812,FB6574_0_1865,6574,2025-02-09,O6574_0_2813,False
25264,FB6692_0_2014,6692,2025-01-23,O6692_0_2278,False
25597,FB6779_0_2185,6779,2025-02-07,O6779_0_5574,False
25841,FB6842_0_8260,6842,2025-01-31,O6842_0_4435,False
25948,FB6871_0_1728,6871,2025-01-24,O6871_0_9358,True
26114,FB6915_1_5828,6915,2025-02-27,O6915_1_2213,True
26327,FB6971_1_7566,6971,2025-02-27,O6971_1_8362,False
26954,FB7152_0_6230,7152,2025-02-21,O7152_0_2508,False
27063,FB7181_0_6178,7181,2025-01-01,O7181_0_3041,False
27668,FB7339_0_7655,7339,2025-02-01,O7339_0_4458,False
27860,,7396,2025-02-12,,
27941,FB7420_0_2703,7420,2025-02-09,O7420_0_7189,False
28427,FB7551_0_6300,7551,2025-01-27,O7551_0_2000,False
28465,FB7561_0_1701,7561,2025-01-02,O7561_0_4519,False
28488,FB7566_0_7008,7566,2025-01-26,O7566_0_1675,False
28517,FB7571_1_1724,7571,2025-02-10,O7571_1_1498,False
28656,FB7608_0_3607,7608,2025-01-29,O7608_0_7651,False
28945,FB7690_0_1899,7690,2025-01-01,O7690_0_3869,False
29028,FB7714_0_8039,7714,2025-01-03,O7714_0_1948,False
29298,FB7802_0_6507,7802,2025-02-16,O7802_0_6492,False
29614,FB7894_0_4798,7894,2025-02-16,O7894_0_1408,False
29626,FB7898_0_1450,7898,2025-01-01,O7898_0_2005,True
29721,FB7924_0_3368,7924,2025-01-28,O7924_0_6338,False
29919,FB7986_0_6770,7986,2025-01-21,O7986_0_9305,False
29952,FB7991_0_2180,7991,2025-01-23,O7991_0_7482,False
30001,FB8002_0_5014,8002,2025-01-08,O8002_0_6711,True
30309,FB8078_0_5931,8078,2025-02-24,,False
30531,FB8133_0_4136,8133,2025-01-02,O8133_0_2421,False
30537,FB8134_0_7601,8134,2025-02-11,O8134_0_2786,False
30629,FB8158_0_5193,8158,2025-02-15,O8158_0_4555,False
30638,FB8161_0_9385,8161,2025-02-27,O8161_0_1063,True
30841,FB8211_0_4401,8211,2025-01-01,O8211_0_1563,False
30976,FB8243_0_6708,8243,2025-02-26,O8243_0_5792,False
31272,FB8326_0_1731,8326,2025-02-23,O8326_0_6023,False
31474,FB8378_0_2847,8378,2025-02-03,O8378_0_1949,False
32006,FB8521_0_3568,8521,2025-01-29,O8521_0_2669,False
32089,FB8541_0_1060,8541,2025-01-10,O8541_0_5938,False
32123,FB8548_0_3566,8548,2025-01-08,O8548_0_4200,False
32225,FB8573_0_5288,8573,2025-02-01,O8573_0_6890,True
32744,FB8711_0_8730,8711,2025-02-19,O8711_0_4979,False
32958,FB8767_0_5029,8767,2025-02-02,O8767_0_8956,False
32979,FB8772_0_1902,8772,2025-01-26,O8772_0_2556,False
33029,FB8783_0_3276,8783,2025-02-05,O8783_0_5804,False
33040,FB8787_0_3123,8787,2025-02-04,O8787_0_9619,True
33080,FB8798_0_2192,8798,2025-01-27,O8798_0_5646,False
33525,FB8909_0_4699,8909,2025-01-14,O8909_0_7337,False
33660,FB8945_0_7840,8945,2025-02-15,O8945_0_4584,True
33756,FB8972_0_3484,8972,2025-02-15,O8972_0_4301,True
33847,FB8997_0_8060,8997,2025-02-17,O8997_0_7594,True
34774,FB9278_0_1935,9278,2025-02-26,O9278_0_5903,False
34839,FB9302_0_9879,9302,2025-02-12,O9302_0_7096,False
34918,FB9325_0_1301,9325,2025-02-01,O9325_0_4480,False
35605,FB9500_0_8356,9500,2025-02-02,O9500_0_3638,False
35729,FB9526_0_1267,9526,2025-02-26,O9526_0_5277,False
35781,FB9543_0_9719,9543,2025-02-02,O9543_0_1194,False
35822,FB9551_0_1134,9551,2025-01-14,O9551_0_4811,False
36091,FB9622_1_3818,9622,2025-01-31,O9622_1_7118,True
36191,FB9652_0_5404,9652,2025-01-31,O9652_0_1811,False
36508,FB9728_0_8291,9728,2025-01-19,O9728_0_3136,False
36572,FB9744_0_8132,9744,2025-01-19,O9744_0_9709,True
36732,FB9782_0_1124,9782,2025-02-05,O9782_0_1612,False
36812,FB9799_0_7570,9799,2025-01-12,O9799_0_6812,False
37283,FB9933_0_9300,9933,2025-01-28,O9933_0_6016,True
37615,FB10027_0_8935,10027,2025-02-14,O10027_0_7369,False
37684,,10047,2025-01-07,O10047_0_9400,False
38205,FB10191_0_7609,10191,2025-02-12,O10191_0_7960,False
38211,FB10192_0_7879,10192,2025-02-24,O10192_0_9182,False
38221,FB10197_0_5624,10197,2025-02-20,O10197_0_9486,True
38259,FB10205_0_3199,10205,2025-02-21,O10205_0_2738,True
38337,FB10227_0_7236,10227,2025-01-09,O10227_0_1266,False
38636,FB10302_0_2666,10302,2025-01-13,O10302_0_7207,False
38926,FB10386_0_7291,10386,2025-02-28,O10386_0_9468,False
39613,FB10577_0_3574,10577,2025-02-16,O10577_0_5435,False
39628,FB10580_0_8579,10580,2025-02-11,O10580_0_8259,False
39745,FB10610_1_6375,10610,2025-02-22,O10610_1_4782,False
39953,FB10663_0_9255,10663,2025-02-26,O10663_0_9892,False
39990,FB10672_0_8317,10672,2025-02-09,O10672_0_2269,False
40037,FB10684_0_3483,10684,2025-01-07,O10684_0_6535,True
40119,FB10710_0_2205,10710,2025-02-17,O10710_0_1922,False
40372,FB10779_0_9154,10779,2025-02-20,O10779_0_2657,False
40433,FB10793_0_3017,10793,2025-01-26,O10793_0_1889,False
40751,FB10887_0_2640,10887,2025-02-02,O10887_0_9069,False
40848,FB10915_0_4181,10915,2025-02-16,O10915_0_3995,False
41171,FB11000_0_7410,11000,2025-01-15,O11000_0_5756,False
41265,FB11027_0_3823,11027,2025-01-23,O11027_0_8875,True
41482,FB11080_0_3867,11080,2025-01-25,O11080_0_5002,False
41599,FB11111_0_2516,11111,2025-01-06,O11111_0_1676,True
41609,FB11113_0_6630,11113,2025-01-29,O11113_0_9266,True
41793,FB11163_0_6583,11163,2025-02-23,O11163_0_6578,False
41928,FB11203_0_9467,11203,2025-02-04,O11203_0_6357,False
42019,FB11230_0_2978,11230,2025-02-24,O11230_0_8301,False
42206,FB11280_0_6146,11280,2025-02-10,O11280_0_6613,False
42376,FB11329_0_8765,11329,2025-01-11,O11329_0_7968,False
42426,FB11339_0_5543,11339,2025-01-22,O11339_0_3187,False
42643,FB11396_1_3874,11396,2025-02-11,O11396_1_5602,False
43327,FB11586_1_4926,11586,2025-02-08,O11586_1_7310,False
43884,FB11736_1_4041,11736,2025-01-28,O11736_1_2694,False
44023,FB11775_0_9254,11775,2025-02-11,O11775_0_4037,False
44070,FB11785_0_3803,11785,2025-02-17,O11785_0_2622,True
44137,FB11801_0_9046,11801,2025-01-02,O11801_0_9639,False
44466,FB11893_1_7169,11893,2025-01-18,O11893_1_3556,False
44503,FB11902_0_6603,11902,2025-02-17,O11902_0_9958,False
44774,FB11981_1_9912,11981,2025-01-08,O11981_1_4335,False
44780,FB11982_0_2602,11982,2025-02-06,O11982_0_9095,False
45167,FB12083_0_2630,12083,2025-01-12,O12083_0_5752,False
45426,FB12149_0_8414,12149,2025-02-21,O12149_0_2753,False
45490,FB12167_0_2931,12167,2025-01-10,O12167_0_3519,False
45548,FB12181_0_4054,12181,2025-02-21,O12181_0_1208,False
45589,FB12189_0_6150,12189,2025-02-22,O12189_0_7258,False
45697,FB12220_0_1307,12220,2025-01-16,O12220_0_9357,False
45804,FB12251_0_7908,12251,2025-02-14,O12251_0_4329,True
46346,FB12403_0_2209,12403,2025-01-04,O12403_0_8493,True
46632,FB12480_0_1600,12480,2025-02-06,O12480_0_2502,False
46684,FB12492_0_8666,12492,2025-02-11,O12492_0_3927,False
47350,FB12667_1_1040,12667,2025-01-23,O12667_1_7872,False
47411,FB12679_0_1364,12679,2025-01-10,O12679_0_4480,False
48201,FB12901_0_2102,12901,2025-02-28,O12901_0_4463,True
48273,FB12918_0_2370,12918,2025-02-11,O12918_0_1332,False
48367,FB12939_0_8885,12939,2025-01-04,O12939_0_5767,True
48616,FB13009_0_3980,13009,2025-01-04,O13009_0_6971,False
48957,FB13102_0_8275,13102,2025-02-16,O13102_0_5370,False
48992,FB13110_0_5702,13110,2025-01-26,O13110_0_3524,False
49086,FB13135_1_5634,13135,2025-01-10,O13135_1_5837,False
49125,FB13145_0_5837,13145,2025-02-13,O13145_0_9969,False
49156,FB13151_0_2695,13151,2025-02-28,O13151_0_6328,False
49299,FB13194_0_5375,13194,2025-02-08,O13194_0_1997,False
49516,FB13247_0_3521,13247,2025-01-27,O13247_0_2293,False
49628,,13273,2025-02-09,,
49853,FB13341_0_6775,13341,2025-01-23,O13341_0_7247,False
50359,FB13479_0_5017,13479,2025-01-07,O13479_0_9261,True
50412,FB13496_0_1637,13496,2025-02-22,O13496_0_8347,False
50623,FB13545_0_2851,13545,2025-02-16,O13545_0_9677,True
50754,FB13581_0_8841,13581,2025-01-04,O13581_0_6460,False
50898,FB13623_0_6965,13623,2025-01-02,O13623_0_8725,False
50984,FB13640_0_9179,13640,2025-01-05,O13640_0_1099,False
51061,FB13661_0_1334,13661,2025-01-30,O13661_0_8223,False
51221,FB13695_0_5437,13695,2025-01-09,O13695_0_4453,False
51411,,13743,2025-01-03,O13743_0_4589,True
51473,FB13761_0_9389,13761,2025-02-22,O13761_0_5397,False
51492,FB13768_0_7536,13768,2025-01-17,O13768_0_3726,False
52640,FB14080_0_8475,14080,2025-02-22,O14080_0_4401,True
52704,FB14094_0_2207,14094,2025-02-16,O14094_0_3322,True
52818,FB14123_0_5025,14123,2025-01-25,O14123_0_7295,True
53126,FB14198_0_6382,14198,2025-01-28,O14198_0_5583,True
53245,,14223,2025-01-21,O14223_0_3440,True
53391,,14262,2025-02-02,O14262_0_7598,True
53418,FB14273_0_2393,14273,2025-01-29,O14273_0_6396,False
53452,FB14282_0_4836,14282,2025-01-13,O14282_0_4726,False
53531,FB14303_0_3832,14303,2025-01-30,O14303_0_2651,False
53862,FB14390_1_1180,14390,2025-02-21,O14390_1_4611,False
53976,FB14425_0_6549,14425,2025-02-14,O14425_0_9912,False
54210,FB14486_1_2815,14486,2025-01-10,O14486_1_3451,True
54238,FB14493_0_9349,14493,2025-02-24,,True
54310,FB14508_0_5841,14508,2025-01-08,O14508_0_1252,True
54352,FB14519_0_4854,14519,2025-01-22,O14519_0_7990,False
54792,FB14624_0_9829,14624,2025-01-14,O14624_0_6969,False
54877,FB14645_0_1013,14645,2025-02-21,O14645_0_5836,False
55035,FB14689_0_6424,14689,2025-01-24,O14689_0_8430,False
55319,FB14760_1_1503,14760,2025-02-06,O14760_1_5723,True
55492,FB14801_0_1309,14801,2025-02-02,O14801_0_9205,False
56021,FB14954_1_8723,14954,2025-01-10,O14954_1_8131,False
56108,FB14977_0_8786,14977,2025-02-04,O14977_0_1039,False
56868,FB15182_0_8687,15182,2025-02-09,O15182_0_5700,True
57222,FB15269_0_5303,15269,2025-01-27,O15269_0_9719,False
57380,FB15310_0_4931,15310,2025-01-27,O15310_0_2835,False
57874,FB15449_0_3375,15449,2025-02-16,O15449_0_1317,False
57914,FB15459_0_9600,15459,2025-02-04,O15459_0_6795,True
58286,FB15563_0_7325,15563,2025-01-05,O15563_0_9078,False
59074,FB15784_0_5774,15784,2025-02-13,O15784_0_5164,True
59208,FB15824_0_3892,15824,2025-01-29,O15824_0_6382,False
59896,FB16015_1_6726,16015,2025-02-09,O16015_1_6389,False
59931,FB16023_0_7650,16023,2025-01-04,O16023_0_2240,False
59998,FB16032_0_3217,16032,2025-01-09,O16032_0_9500,True
60128,FB16066_0_3868,16066,2025-02-17,O16066_0_4532,False
60181,FB16079_0_6250,16079,2025-02-18,,True
60388,FB16129_0_2749,16129,2025-01-12,O16129_0_5918,False
60527,,16169,2025-02-04,O16169_0_1010,False
60626,FB16199_0_7043,16199,2025-01-09,O16199_0_4668,True
60674,FB16209_0_3025,16209,2025-02-27,O16209_0_2969,False
60852,FB16254_0_5069,16254,2025-01-31,,True
61199,,16335,2025-02-14,O16335_0_9404,False
61233,FB16345_0_1972,16345,2025-01-30,O16345_0_6329,True
61444,FB16403_0_4525,16403,2025-01-25,O16403_0_5755,True
61540,FB16428_1_4540,16428,2025-01-15,O16428_1_3913,True
61671,FB16463_0_1787,16463,2025-01-11,,True
61838,FB16508_0_7054,16508,2025-02-20,O16508_0_6851,True
62034,FB16549_0_1739,16549,2025-01-11,O16549_0_6267,False
62276,FB16605_0_8169,16605,2025-02-09,O16605_0_7982,False
62293,FB16608_0_9121,16608,2025-02-27,O16608_0_2858,True
62336,FB16619_0_1732,16619,2025-01-16,O16619_0_9612,False
62372,FB16624_0_3934,16624,2025-02-25,O16624_0_9276,False
62531,FB16668_0_4537,16668,2025-01-18,O16668_0_5819,False
62801,FB16740_0_4752,16740,2025-02-20,O16740_0_5322,False
63224,FB16849_0_8189,16849,2025-01-11,O16849_0_8159,False
63747,FB16976_0_4766,16976,2025-01-06,O16976_0_9764,True
64512,FB17187_1_5758,17187,2025-02-01,O17187_1_2906,False
64692,FB17238_0_9888,17238,2025-01-23,O17238_0_6455,False
65020,FB17324_1_4595,17324,2025-01-07,O17324_1_6869,False
65081,FB17343_1_2483,17343,2025-02-21,O17343_1_9311,False
65145,FB17357_0_1071,17357,2025-02-11,O17357_0_1679,False
65498,FB17462_0_7913,17462,2025-01-24,O17462_0_5705,False
65570,FB17476_0_4518,17476,2025-01-10,O17476_0_4483,False
65633,FB17488_2_5136,17488,2025-01-22,O17488_2_7538,False
65939,FB17577_0_7889,17577,2025-01-10,O17577_0_5960,False
66348,FB17687_0_3462,17687,2025-01-03,O17687_0_7652,False
66420,FB17704_0_9830,17704,2025-01-19,O17704_0_3574,False
66754,FB17789_0_4540,17789,2025-01-21,O17789_0_1756,False
66843,FB17816_0_8941,17816,2025-02-22,O17816_0_7456,False
66882,FB17827_0_3200,17827,2025-01-20,O17827_0_6099,True
66918,FB17835_0_3852,17835,2025-01-30,O17835_0_2650,True
66992,FB17851_1_5676,17851,2025-02-07,O17851_1_5436,False
67454,FB17974_0_6379,17974,2025-01-11,O17974_0_5857,False
67521,FB17988_0_3913,17988,2025-01-25,O17988_0_5268,False
67579,FB18005_0_9582,18005,2025-01-30,O18005_0_9289,False
67655,FB18021_0_9132,18021,2025-01-26,O18021_0_6384,False
67924,FB18096_0_3402,18096,2025-02-26,O18096_0_3940,True
67968,FB18107_0_1900,18107,2025-02-06,O18107_0_2422,False
68063,FB18135_0_8411,18135,2025-02-22,O18135_0_9174,True
68142,FB18151_0_1132,18151,2025-02-27,O18151_0_2815,False
68257,FB18183_0_7350,18183,2025-01-31,O18183_0_2797,False
69001,FB18374_0_6180,18374,2025-02-06,O18374_0_6672,True
69155,FB18416_0_9073,18416,2025-01-02,O18416_0_3612,False
69205,FB18425_0_2310,18425,2025-01-28,O18425_0_6746,True
69246,FB18435_0_5129,18435,2025-02-06,O18435_0_1970,True
69539,FB18515_1_3524,18515,2025-02-22,O18515_1_9388,False
70076,FB18655_0_7114,18655,2025-01-30,O18655_0_2117,False
70699,FB18835_0_1006,18835,2025-01-07,O18835_0_6973,False
70733,FB18844_0_8254,18844,2025-01-16,O18844_0_4799,False
70781,FB18857_0_6095,18857,2025-01-15,O18857_0_2096,False
70797,FB18862_0_7941,18862,2025-01-26,O18862_0_1899,False
70908,FB18890_0_1187,18890,2025-02-18,O18890_0_2035,False
71048,FB18925_0_7957,18925,2025-01-15,O18925_0_6925,False
71177,FB18958_0_9580,18958,2025-01-28,O18958_0_4245,True
71222,FB18970_0_4271,18970,2025-02-22,O18970_0_5431,False
71380,FB19008_0_2775,19008,2025-01-22,O19008_0_7042,False
71468,FB19031_0_4263,19031,2025-01-10,O19031_0_9399,True
71716,FB19101_0_5905,19101,2025-02-16,O19101_0_5088,False
71931,FB19155_0_6022,19155,2025-02-18,O19155_0_1291,False
72014,FB19179_0_1495,19179,2025-02-16,O19179_0_1053,True
72322,,19264,2025-02-09,,
72437,FB19294_0_3783,19294,2025-02-09,O19294_0_3529,True
73240,FB19520_0_4773,19520,2025-02-15,O19520_0_6630,False
73253,FB19523_0_3259,19523,2025-01-06,O19523_0_6563,True
73784,,19657,2025-02-25,O19657_1_7235,False
73956,FB19703_0_6375,19703,2025-02-27,O19703_0_9359,False
74048,FB19732_0_3909,19732,2025-02-16,O19732_0_7574,False
74108,FB19746_0_8141,19746,2025-01-17,O19746_0_1299,True
74319,FB19794_0_3681,19794,2025-01-12,O19794_0_7561,False
74354,FB19803_0_2936,19803,2025-02-27,O19803_0_4542,False
74507,FB19848_0_1884,19848,2025-02-18,O19848_0_2590,True
74564,FB19863_0_2810,19863,2025-01-02,O19863_0_7236,False
74577,FB19866_0_2427,19866,2025-02-21,O19866_0_6763,False
74686,FB19892_0_1903,19892,2025-02-20,O19892_0_3159,False
75266,FB20056_1_9550,20056,2025-02-14,O20056_1_4267,False
75274,,20058,2025-02-12,O20058_0_1297,False
75357,FB20076_0_2845,20076,2025-02-03,O20076_0_7886,False
75439,FB20096_1_6477,20096,2025-02-17,O20096_1_5547,True
75483,FB20106_0_5364,20106,2025-02-28,O20106_0_7041,False
75967,FB20236_0_3298,20236,2025-02-04,O20236_0_1711,False
76548,FB20391_0_8731,20391,2025-01-04,O20391_0_2150,False
76753,FB20443_0_8703,20443,2025-02-19,O20443_0_6694,False
76772,FB20447_0_1410,20447,2025-01-09,O20447_0_1907,True
76919,FB20485_0_8289,20485,2025-01-16,O20485_0_6801,True
77449,FB20629_0_9838,20629,2025-02-26,O20629_0_8399,False
78081,FB20794_0_6989,20794,2025-02-19,O20794_0_4434,True
78777,FB20977_0_8719,20977,2025-02-27,O20977_0_4484,False
78811,FB20986_1_9604,20986,2025-01-18,O20986_1_9229,False
78905,FB21013_0_7594,21013,2025-01-16,O21013_0_9173,True
79021,FB21046_0_9697,21046,2025-01-26,O21046_0_3361,False
79044,FB21051_0_9400,21051,2025-01-04,O21051_0_9986,False
79129,FB21072_1_8109,21072,2025-02-27,O21072_1_4315,False
79372,FB21128_0_5244,21128,2025-01-15,O21128_0_1303,True
79707,FB21222_0_3995,21222,2025-01-20,O21222_0_7160,True
79768,FB21237_1_2505,21237,2025-02-09,O21237_1_8415,False
79938,FB21286_0_6308,21286,2025-02-02,O21286_0_6091,False
80042,FB21311_0_1409,21311,2025-02-26,O21311_0_2080,True
80077,FB21319_0_1165,21319,2025-01-12,O21319_0_3371,True
80260,FB21371_0_9672,21371,2025-01-28,O21371_0_6528,False
80916,FB21545_0_4368,21545,2025-02-04,O21545_0_9496,True
80931,FB21549_0_6940,21549,2025-02-18,O21549_0_7730,True
80960,FB21555_0_6863,21555,2025-02-13,O21555_0_1882,False
81083,FB21592_0_7004,21592,2025-01-25,O21592_0_7908,False
81262,FB21643_0_8232,21643,2025-02-17,O21643_0_1156,False
81312,FB21655_0_5608,21655,2025-02-07,O21655_0_4323,False
81554,FB21720_1_7723,21720,2025-02-07,O21720_1_9891,True
81568,FB21723_0_4291,21723,2025-01-11,O21723_0_1685,True
81615,FB21734_0_3699,21734,2025-02-17,O21734_0_3241,True
81752,FB21763_1_3647,21763,2025-02-18,O21763_1_4693,False
82031,FB21842_0_3070,21842,2025-02-15,O21842_0_4764,True
82164,FB21882_0_9975,21882,2025-02-12,O21882_0_2471,False
82230,FB21900_0_3500,21900,2025-02-13,O21900_0_6996,False
82261,FB21907_0_1998,21907,2025-02-19,O21907_0_7017,True
82287,FB21909_0_1789,21909,2025-02-03,O21909_0_2565,False
82407,FB21942_0_3333,21942,2025-02-09,O21942_0_8229,False
82503,FB21963_1_1922,21963,2025-03-01,O21963_1_5093,False
82862,FB22063_0_2326,22063,2025-02-09,O22063_0_4429,True
82887,FB22071_0_4355,22071,2025-01-06,O22071_0_2437,False
82894,FB22073_0_9559,22073,2025-01-27,O22073_0_6169,False
83059,FB22112_0_8444,22112,2025-01-24,O22112_0_7824,False
83106,FB22122_0_7743,22122,2025-02-16,O22122_0_9345,False
83225,FB22155_0_4318,22155,2025-01-24,O22155_0_4757,False
83461,FB22213_0_8912,22213,2025-02-01,O22213_0_2003,False
83780,FB22305_0_6552,22305,2025-01-15,O22305_0_6120,False
83795,FB22307_0_1516,22307,2025-02-02,O22307_0_5525,True
83819,FB22313_0_1053,22313,2025-02-06,O22313_0_1141,False
83837,FB22317_0_8194,22317,2025-01-08,O22317_0_4848,True
83849,FB22321_0_6043,22321,2025-01-15,O22321_0_4541,True
83870,FB22326_0_3732,22326,2025-02-09,O22326_0_8664,False
84037,FB22368_0_3989,22368,2025-02-15,O22368_0_5101,False
84132,FB22389_1_1820,22389,2025-01-13,O22389_1_5098,True
84324,FB22444_0_3436,22444,2025-02-10,O22444_0_3438,False
84369,FB22453_0_9178,22453,2025-01-09,O22453_0_6255,False
84390,FB22457_0_2695,22457,2025-01-30,O22457_0_8149,True
84625,FB22514_0_7013,22514,2025-01-16,O22514_0_3946,False
84679,FB22531_0_7722,22531,2025-02-20,O22531_0_7675,False
84685,FB22532_0_5073,22532,2025-01-01,O22532_0_2168,False
84797,FB22557_0_2105,22557,2025-01-08,O22557_0_8959,True
84875,FB22570_3_7314,22570,2025-01-25,O22570_3_5623,False
84893,FB22575_0_3082,22575,2025-01-11,,False
84918,FB22581_0_9981,22581,2025-01-30,O22581_0_1457,True
84992,FB22598_0_3335,22598,2025-01-22,O22598_0_4991,False
85045,FB22610_0_9161,22610,2025-02-12,O22610_0_5947,False
85410,FB22709_0_2899,22709,2025-02-01,,True
85452,FB22721_0_8599,22721,2025-02-21,O22721_0_1027,False
85844,FB22828_0_3001,22828,2025-02-04,O22828_0_1055,False
85935,FB22853_0_5188,22853,2025-02-26,O22853_0_7036,False
86567,FB23013_0_8690,23013,2025-02-05,O23013_0_2895,False
86650,FB23031_0_5821,23031,2025-02-13,O23031_0_4606,False
86712,FB23046_0_7877,23046,2025-01-17,O23046_0_7602,True
86922,FB23098_1_2429,23098,2025-01-18,O23098_1_9035,False
86981,FB23116_0_5376,23116,2025-01-09,O23116_0_9824,False
87054,FB23138_0_4298,23138,2025-02-06,O23138_0_9876,False
87201,FB23173_1_4813,23173,2025-01-30,O23173_1_1797,False
87377,FB23214_0_3540,23214,2025-02-27,O23214_0_5262,True
87839,,23346,2025-02-18,O23346_0_9107,False
87881,FB23358_1_5847,23358,2025-02-06,O23358_1_2395,False
88237,FB23465_0_7640,23465,2025-02-19,O23465_0_4514,False
88358,FB23499_1_1878,23499,2025-01-31,O23499_1_4627,False
88420,,23513,2025-01-04,O23513_0_7746,False
88882,FB23634_0_5197,23634,2025-01-08,O23634_0_7281,False
88913,FB23642_1_6447,23642,2025-02-28,O23642_1_2475,False
88976,FB23654_0_4688,23654,2025-02-16,O23654_0_3883,False
89219,FB23715_0_4318,23715,2025-02-23,O23715_0_6282,False
89254,FB23724_0_2852,23724,2025-01-28,O23724_0_8706,False
89342,FB23746_0_1789,23746,2025-02-08,O23746_0_7750,False
89444,FB23769_0_2970,23769,2025-01-19,O23769_0_9679,False
89545,FB23794_0_3758,23794,2025-01-10,O23794_0_6840,True
89597,FB23806_0_2874,23806,2025-02-09,O23806_0_6103,False
89778,FB23853_0_1058,23853,2025-01-20,O23853_0_7926,False
89987,FB23908_0_7938,23908,2025-01-17,O23908_0_8763,True
90086,FB23936_0_6552,23936,2025-01-24,O23936_0_9560,False
90189,FB23961_0_8927,23961,2025-01-20,O23961_0_9183,True
90459,FB24034_0_3908,24034,2025-01-01,O24034_0_6706,True
91036,FB24192_0_2923,24192,2025-02-26,O24192_0_2104,True
91071,FB24201_0_2904,24201,2025-01-25,O24201_0_9110,False
91360,FB24280_0_8008,24280,2025-01-30,O24280_0_6239,False
91631,FB24353_0_8539,24353,2025-01-22,O24353_0_5702,False
92664,FB24626_0_1390,24626,2025-01-12,O24626_0_8086,False
92739,FB24649_0_9016,24649,2025-02-22,O24649_0_1290,False
92764,FB24655_0_4149,24655,2025-02-02,O24655_0_9578,False
92983,,24718,2025-01-21,O24718_0_2795,False
93030,FB24729_0_6705,24729,2025-01-22,O24729_0_4469,False
93082,FB24742_0_4264,24742,2025-01-12,O24742_0_7982,True
93140,FB24756_0_7187,24756,2025-01-15,O24756_0_3381,True
93624,FB24888_0_1792,24888,2025-01-02,O24888_0_5802,False
93728,FB24913_0_5631,24913,2025-01-02,O24913_0_4723,False
93778,FB24925_0_9561,24925,2025-01-19,O24925_0_5295,False
93898,FB24956_0_2689,24956,2025-01-15,O24956_0_5795,False
94353,FB25080_0_9497,25080,2025-01-25,O25080_0_3241,False
94868,FB25212_0_5096,25212,2025-01-15,O25212_0_2030,False
95077,FB25273_1_3899,25273,2025-02-03,O25273_1_2785,False
95231,FB25305_0_2800,25305,2025-02-24,O25305_0_8927,True
95276,FB25319_0_4802,25319,2025-02-18,O25319_0_6620,False
95649,FB25419_0_2681,25419,2025-01-09,O25419_0_1406,True
95814,FB25463_1_5652,25463,2025-02-20,O25463_1_9141,False
96081,FB25538_0_6340,25538,2025-01-25,O25538_0_4677,False
96145,FB25557_0_8152,25557,2025-01-22,O25557_0_7824,False
96495,FB25651_0_5642,25651,2025-02-26,O25651_0_6127,False
96683,FB25701_0_7144,25701,2025-01-09,O25701_0_3738,True
96734,FB25711_1_8329,25711,2025-01-21,O25711_1_7525,False
97041,FB25791_0_7078,25791,2025-02-22,O25791_0_1870,False
97377,FB25876_1_2266,25876,2025-01-24,O25876_1_8198,False
97419,FB25887_0_3066,25887,2025-01-29,O25887_0_8778,True
97488,FB25907_0_7764,25907,2025-02-17,O25907_0_9202,False
97513,FB25913_0_8552,25913,2025-02-21,O25913_0_7239,True
97600,FB25936_0_5822,25936,2025-02-24,O25936_0_7267,False
97762,FB25980_0_3587,25980,2025-02-06,O25980_0_7681,False
97867,FB26006_0_9419,26006,2025-01-14,O26006_0_2332,True
97873,FB26007_0_3092,26007,2025-02-13,,False
98405,FB26145_0_3606,26145,2025-01-28,O26145_0_8328,True
98670,FB26209_0_9711,26209,2025-01-17,O26209_0_6536,False
98798,FB26244_0_3892,26244,2025-02-13,O26244_0_1203,False
98844,FB26254_0_4407,26254,2025-02-12,O26254_0_7453,False
98979,FB26296_0_4104,26296,2025-01-13,O26296_0_8032,False
99104,,26330,2025-01-24,,
99519,FB26460_0_7989,26460,2025-01-29,O26460_0_6240,False
99679,FB26506_0_4862,26506,2025-02-21,O26506_0_2085,False
99709,FB26513_0_2550,26513,2025-02-21,O26513_0_2510,False
99732,FB26519_0_9255,26519,2025-01-03,O26519_0_2260,True
99747,FB26521_0_5408,26521,2025-01-21,,False
99850,FB26541_0_7381,26541,2025-02-24,O26541_0_8967,False
99884,FB26550_0_7732,26550,2025-01-01,O26550_0_5881,False
99938,FB26567_0_5972,26567,2025-01-30,O26567_0_6301,False
100111,FB26610_0_1316,26610,2025-02-02,O26610_0_2765,False
100215,FB26637_0_6545,26637,2025-01-16,O26637_0_5974,False
100351,FB26675_0_8829,26675,2025-02-21,O26675_0_4437,True
100507,FB26720_0_7915,26720,2025-02-20,O26720_0_6335,False
100603,FB26744_0_5118,26744,2025-02-17,O26744_0_4967,True
100660,,26762,2025-01-21,O26762_0_2885,False
100871,FB26827_0_3350,26827,2025-01-19,O26827_0_2525,False
101202,FB26910_1_8725,26910,2025-02-18,O26910_1_8980,False
101633,FB27026_1_6620,27026,2025-02-13,O27026_1_5214,False
101791,FB27066_0_8783,27066,2025-01-04,O27066_0_1821,False
101903,FB27094_0_9877,27094,2025-02-20,O27094_0_3259,True
102110,FB27161_0_6932,27161,2025-02-04,O27161_0_6205,True
102202,FB27181_0_3727,27181,2025-02-17,O27181_0_7234,False
102331,FB27216_0_7309,27216,2025-01-14,O27216_0_7391,False
102626,FB27293_0_6741,27293,2025-02-09,O27293_0_3181,False
102971,FB27387_0_5347,27387,2025-02-20,O27387_0_7116,False
103033,FB27400_0_7533,27400,2025-02-12,O27400_0_5639,False
103120,FB27421_0_3186,27421,2025-02-22,O27421_0_8316,True
103166,FB27434_0_5965,27434,2025-01-30,O27434_0_5032,False
103344,FB27485_0_2247,27485,2025-02-11,O27485_0_5529,True
103669,FB27573_0_5990,27573,2025-02-05,O27573_0_7070,False
104374,FB27765_0_9594,27765,2025-02-23,O27765_0_6615,True
104529,FB27809_0_9525,27809,2025-02-11,O27809_0_8212,False
104673,FB27848_0_9848,27848,2025-02-08,O27848_0_7938,False
104932,FB27922_0_5377,27922,2025-02-26,O27922_0_3474,False
104982,FB27934_0_9859,27934,2025-02-25,O27934_0_3352,True
105004,FB27939_0_4476,27939,2025-02-08,O27939_0_6049,False
105257,FB28013_0_2287,28013,2025-01-24,O28013_0_1611,True
105498,FB28080_1_9683,28080,2025-02-08,O28080_1_8908,False
105532,FB28087_1_1652,28087,2025-01-17,O28087_1_8870,False
106005,FB28219_0_9754,28219,2025-01-10,O28219_0_7836,False
106218,FB28272_1_2377,28272,2025-02-11,O28272_1_3004,False
106311,FB28299_0_8048,28299,2025-01-12,O28299_0_7277,True
106465,FB28339_0_5131,28339,2025-01-08,O28339_0_1531,True
106613,FB28375_0_2132,28375,2025-02-04,O28375_0_1732,False
107011,FB28475_0_3520,28475,2025-02-04,O28475_0_1584,False
107077,FB28492_0_6755,28492,2025-02-04,O28492_0_3566,False
108120,FB28785_0_8054,28785,2025-01-11,O28785_0_2824,False
108234,FB28813_1_1200,28813,2025-01-15,O28813_1_9120,False
108312,FB28836_0_4259,28836,2025-02-02,O28836_0_8521,False
108455,FB28878_0_5506,28878,2025-02-16,O28878_0_9695,False
108625,FB28928_0_5239,28928,2025-02-06,O28928_0_3663,True
108809,FB28973_0_4549,28973,2025-01-20,O28973_0_6961,False
108849,,28987,2025-01-31,,
108897,FB28996_0_6617,28996,2025-02-06,O28996_0_8992,False
108966,FB29013_1_4388,29013,2025-02-23,O29013_1_7034,False
109201,FB29070_0_1940,29070,2025-01-02,O29070_0_9722,False
109432,FB29131_0_9733,29131,2025-01-28,O29131_0_1726,True
109455,FB29136_0_9396,29136,2025-01-22,O29136_0_9923,True
109582,FB29170_0_7068,29170,2025-02-10,O29170_0_6023,False
109617,FB29180_0_4226,29180,2025-02-15,O29180_0_6738,True
109986,FB29275_0_2441,29275,2025-01-16,O29275_0_6781,True
110040,FB29289_0_7044,29289,2025-01-23,O29289_0_9043,True
110101,FB29308_0_7157,29308,2025-01-14,O29308_0_8219,False
110152,FB29317_0_4973,29317,2025-02-14,O29317_0_1441,False
110266,FB29348_0_2703,29348,2025-01-23,O29348_0_8638,False
110389,FB29375_0_5870,29375,2025-02-17,O29375_0_3931,False
110485,FB29399_1_7888,29399,2025-02-06,O29399_1_2025,True
110608,FB29430_0_7631,29430,2025-01-07,O29430_0_1732,False
110820,FB29486_1_3725,29486,2025-01-17,O29486_1_3702,False
111645,FB29701_0_9540,29701,2025-02-18,O29701_0_8172,True
111977,FB29785_0_9959,29785,2025-02-28,O29785_0_9168,False
112128,FB29822_0_9954,29822,2025-01-11,O29822_0_3770,False
112170,FB29831_0_6232,29831,2025-02-10,O29831_0_7995,False
112217,FB29848_0_4662,29848,2025-02-02,O29848_0_5681,True
112319,FB29875_0_7575,29875,2025-01-03,O29875_0_9996,False
112357,FB29882_0_2334,29882,2025-02-16,O29882_0_5172,False
112409,FB29895_0_7158,29895,2025-01-27,O29895_0_4693,True
112462,FB29912_0_1972,29912,2025-01-23,O29912_0_8704,False
112877,FB30016_0_2603,30016,2025-02-10,O30016_0_3398,False
112920,FB30030_0_7718,30030,2025-02-07,O30030_0_7265,False
113450,FB30177_0_8444,30177,2025-02-14,O30177_0_7899,False
113571,,30212,2025-01-21,O30212_0_9104,False
113681,FB30247_0_2620,30247,2025-02-12,O30247_0_6991,True
114151,FB30373_0_2814,30373,2025-02-25,O30373_0_8695,False
114541,FB30477_0_8861,30477,2025-02-04,O30477_0_8609,False
114659,FB30503_0_3805,30503,2025-02-08,O30503_0_9435,True
114968,FB30593_0_6991,30593,2025-02-19,O30593_0_5956,False
115289,FB30674_0_4462,30674,2025-01-24,O30674_0_6577,True
115449,FB30711_0_9620,30711,2025-02-28,O30711_0_8931,False
115545,FB30732_0_6220,30732,2025-02-04,O30732_0_1710,False
116058,FB30870_1_8122,30870,2025-01-18,O30870_1_8627,True
116097,FB30881_1_3969,30881,2025-02-23,O30881_1_7717,False
116138,FB30888_0_4730,30888,2025-01-04,O30888_0_9219,False
116233,FB30919_0_3513,30919,2025-01-10,O30919_0_1015,False
117295,FB31200_0_4585,31200,2025-01-31,,False
117309,FB31202_0_2415,31202,2025-01-07,O31202_0_9916,False
117344,FB31209_0_3344,31209,2025-02-04,O31209_0_8933,True
117500,FB31246_0_2196,31246,2025-02-04,O31246_0_4616,False
117768,FB31317_0_7820,31317,2025-01-29,O31317_0_2627,False
117811,FB31329_0_4499,31329,2025-02-12,O31329_0_1567,True
117911,FB31356_0_2082,31356,2025-01-17,O31356_0_7364,False
118315,FB31466_0_1210,31466,2025-01-26,O31466_0_4138,True
118354,FB31474_0_1970,31474,2025-01-04,O31474_0_2331,False
118364,FB31476_0_2299,31476,2025-02-16,O31476_0_6789,False
118578,FB31530_1_8423,31530,2025-01-11,O31530_1_2064,True
118773,FB31578_0_8948,31578,2025-02-08,O31578_0_5433,False
118779,FB31579_0_9693,31579,2025-01-01,O31579_0_2458,False
119058,FB31654_0_6282,31654,2025-01-14,O31654_0_2355,False
119338,FB31724_0_3571,31724,2025-01-29,O31724_0_4165,True
119584,FB31792_0_4496,31792,2025-01-01,O31792_0_1382,True
119719,FB31827_0_1084,31827,2025-02-25,O31827_0_6501,False
119921,FB31889_0_7363,31889,2025-01-21,O31889_0_7659,True
120266,FB31983_0_8298,31983,2025-01-29,O31983_0_7250,False
120326,FB32003_0_1454,32003,2025-01-21,O32003_0_6533,False
120548,FB32068_0_3189,32068,2025-02-01,O32068_0_3201,False
120645,FB32098_0_1795,32098,2025-02-01,O32098_0_5368,False
120869,FB32159_0_9649,32159,2025-01-24,O32159_0_7023,False
121103,FB32227_0_3692,32227,2025-01-04,O32227_0_1299,True
121170,FB32240_0_3775,32240,2025-01-31,O32240_0_8073,False
121855,FB32419_0_9966,32419,2025-01-23,O32419_0_9942,False
121940,FB32443_0_5152,32443,2025-01-18,O32443_0_6972,False
122070,FB32475_0_8254,32475,2025-02-06,O32475_0_1661,False
122314,FB32537_1_9875,32537,2025-02-07,O32537_1_3561,False
122348,FB32547_0_9794,32547,2025-02-12,O32547_0_1716,True
122354,FB32548_0_5053,32548,2025-02-12,O32548_0_4270,False
122657,FB32629_0_8086,32629,2025-01-07,O32629_0_8095,True
122942,FB32712_0_6765,32712,2025-01-14,O32712_0_5574,False
122973,FB32719_1_1847,32719,2025-02-13,O32719_1_7907,True
122995,FB32727_0_9030,32727,2025-01-21,O32727_0_9151,True
123003,FB32729_0_2962,32729,2025-02-20,O32729_0_1802,True
123043,FB32740_0_9211,32740,2025-01-01,O32740_0_4855,False
123583,FB32871_0_5692,32871,2025-02-11,O32871_0_5320,False
123713,FB32900_0_2860,32900,2025-01-09,O32900_0_3477,True
123719,FB32901_0_9379,32901,2025-02-25,O32901_0_5666,True
124073,FB32997_0_1402,32997,2025-02-06,O32997_0_7026,True
124300,FB33057_0_1716,33057,2025-01-06,O33057_0_6365,False
124687,FB33155_0_2105,33155,2025-01-17,O33155_0_8716,True
124993,FB33241_0_6387,33241,2025-02-24,O33241_0_6852,False
124999,FB33242_0_8024,33242,2025-02-24,O33242_0_8460,False
125044,FB33250_2_5818,33250,2025-01-26,O33250_2_6646,False
125150,FB33278_0_1181,33278,2025-02-17,O33278_0_9772,False
125329,FB33332_0_3442,33332,2025-02-04,O33332_0_1684,True
125399,FB33351_0_5747,33351,2025-02-08,O33351_0_2315,False
125433,FB33364_0_3690,33364,2025-02-19,O33364_0_2535,False
125568,FB33401_0_5616,33401,2025-02-24,O33401_0_5793,False
125621,FB33416_0_6316,33416,2025-01-15,O33416_0_3995,False
125681,FB33431_1_5522,33431,2025-01-21,O33431_1_8560,False
125732,FB33445_0_7219,33445,2025-01-23,O33445_0_6658,False
126294,FB33580_0_7279,33580,2025-01-13,O33580_0_7794,False
126331,FB33590_0_8095,33590,2025-01-21,,False
126417,FB33610_0_3298,33610,2025-01-09,O33610_0_9113,False
126482,FB33626_0_4477,33626,2025-02-06,O33626_0_3284,False
126647,FB33674_0_3176,33674,2025-01-29,O33674_0_4107,True
126680,FB33680_0_2158,33680,2025-02-23,O33680_0_8923,False
127178,FB33819_0_4074,33819,2025-01-22,O33819_0_9908,False
127212,FB33828_0_7624,33828,2025-01-28,O33828_0_9240,True
127533,FB33913_0_6735,33913,2025-02-05,O33913_0_1193,False
127858,FB34004_0_5377,34004,2025-01-06,O34004_0_4717,False
128023,FB34048_0_4047,34048,2025-01-05,O34048_0_8030,False
128388,FB34148_0_2351,34148,2025-01-01,O34148_0_5466,True
129071,FB34319_0_4429,34319,2025-02-19,O34319_0_7276,True
129114,FB34328_0_2306,34328,2025-02-11,O34328_0_3219,False
129177,FB34348_0_1181,34348,2025-02-13,O34348_0_3285,False
129195,FB34352_0_4766,34352,2025-02-27,O34352_0_4607,False
129422,FB34417_0_6348,34417,2025-02-14,O34417_0_7827,False
129714,FB34493_0_1424,34493,2025-01-31,O34493_0_5247,True
129740,FB34498_0_1843,34498,2025-02-25,O34498_0_8633,False
130449,FB34695_0_6586,34695,2025-01-08,O34695_0_2698,False
130761,FB34774_0_9718,34774,2025-02-05,O34774_0_8313,False
130794,FB34782_0_3618,34782,2025-01-29,O34782_0_9604,True
131004,FB34836_0_2423,34836,2025-01-02,O34836_0_6970,False
131143,FB34870_0_6709,34870,2025-02-24,O34870_0_3693,False
131294,FB34905_0_2244,34905,2025-02-06,O34905_0_5573,False
131770,FB35021_0_5009,35021,2025-02-08,O35021_0_2360,True
131898,FB35053_0_3883,35053,2025-01-10,O35053_0_2585,False
132065,FB35094_0_1070,35094,2025-02-26,O35094_0_9863,False
132429,FB35181_0_9372,35181,2025-02-18,O35181_0_1746,False
132646,FB35236_0_8620,35236,2025-02-01,O35236_0_3981,False
132831,FB35285_0_2861,35285,2025-01-01,O35285_0_8644,True
132850,FB35290_0_7298,35290,2025-01-28,O35290_0_9872,False
133584,FB35475_0_9740,35475,2025-01-24,O35475_0_5361,False
133678,FB35502_0_5089,35502,2025-01-14,O35502_0_4995,False
133734,,35517,2025-02-26,O35517_0_8254,False
133915,FB35558_1_2458,35558,2025-01-15,O35558_1_9109,False
133990,FB35579_0_4107,35579,2025-02-05,O35579_0_7410,False
134176,FB35626_0_5371,35626,2025-01-03,O35626_0_2018,False
134661,FB35764_0_5275,35764,2025-02-26,O35764_0_2516,False
134851,FB35812_0_8702,35812,2025-01-20,O35812_0_5590,True
135201,FB35902_2_9668,35902,2025-02-26,O35902_2_2073,False
135267,FB35923_0_7917,35923,2025-01-18,O35923_0_7655,True
135483,FB35981_0_9170,35981,2025-01-31,O35981_0_6342,True
135744,FB36050_0_2173,36050,2025-01-01,O36050_0_8826,False
135785,FB36063_0_6141,36063,2025-02-14,O36063_0_9494,True
135792,FB36065_0_4773,36065,2025-01-23,O36065_0_9055,True
135961,FB36107_0_3993,36107,2025-02-23,O36107_0_9889,False
136026,FB36126_0_9581,36126,2025-02-02,O36126_0_5037,False
136422,FB36237_0_4957,36237,2025-01-09,O36237_0_4016,False
136589,FB36281_0_5617,36281,2025-02-21,O36281_0_9147,True
136749,FB36324_0_4680,36324,2025-02-03,O36324_0_6929,False
136771,FB36329_0_3141,36329,2025-01-19,O36329_0_6079,False
136854,FB36353_0_1928,36353,2025-02-27,O36353_0_2606,True
136897,FB36366_0_9576,36366,2025-01-31,O36366_0_2934,False
136905,FB36368_0_4579,36368,2025-02-07,O36368_0_8727,False
136933,FB36376_0_5471,36376,2025-01-20,O36376_0_9786,True
136972,FB36388_0_2632,36388,2025-01-27,O36388_0_4428,False
137016,FB36399_0_6305,36399,2025-02-25,O36399_0_3694,True
137609,FB36554_0_3127,36554,2025-01-08,O36554_0_4113,False
137629,FB36559_0_7462,36559,2025-02-24,O36559_0_3987,False
137665,FB36567_0_6700,36567,2025-02-03,O36567_0_6217,False
137687,FB36571_0_2369,36571,2025-01-12,O36571_0_3397,True
137752,FB36591_0_8547,36591,2025-01-19,O36591_0_6010,False
138011,FB36652_0_8996,36652,2025-01-18,O36652_0_5293,True
138078,FB36669_0_4432,36669,2025-01-08,O36669_0_3455,True
138168,FB36692_0_3422,36692,2025-01-16,O36692_0_2339,False
138411,FB36754_1_8807,36754,2025-01-12,O36754_1_5152,True
138920,FB36890_0_7611,36890,2025-01-31,O36890_0_6161,False
139067,FB36936_1_2617,36936,2025-01-19,O36936_1_5238,False
139197,FB36969_0_5754,36969,2025-02-17,O36969_0_4881,False
139344,FB37002_0_3909,37002,2025-01-05,O37002_0_9911,False
139494,FB37039_0_5759,37039,2025-02-06,O37039_0_8686,True
139752,FB37114_0_2484,37114,2025-02-28,O37114_0_9059,True
139912,FB37153_1_5621,37153,2025-02-17,O37153_1_6184,False
139918,FB37154_0_5463,37154,2025-01-02,O37154_0_8410,False
140007,FB37180_0_8362,37180,2025-02-03,O37180_0_4021,False
140200,FB37233_0_8362,37233,2025-02-11,O37233_0_3728,False
140549,FB37326_1_1752,37326,2025-02-01,O37326_1_1622,False
140655,,37355,2025-02-09,O37355_1_6899,True
140916,FB37432_0_6248,37432,2025-01-17,O37432_0_2593,False
141144,FB37492_0_5045,37492,2025-01-10,O37492_0_9119,False
141255,FB37517_0_5308,37517,2025-02-06,O37517_0_7296,True
141322,FB37540_0_1091,37540,2025-02-10,O37540_0_7000,False
141512,FB37589_0_6861,37589,2025-02-01,O37589_0_2128,True
141576,FB37607_0_6641,37607,2025-01-19,O37607_0_1279,False
141686,FB37634_1_7495,37634,2025-02-27,O37634_1_6924,True
141694,FB37636_0_7967,37636,2025-01-06,O37636_0_8520,False
141811,FB37667_0_3011,37667,2025-01-26,O37667_0_7180,False
142077,FB37739_0_1487,37739,2025-02-28,O37739_0_7306,False
142186,FB37770_0_9714,37770,2025-02-20,O37770_0_3665,False
142491,FB37846_0_5021,37846,2025-01-22,O37846_0_1469,False
142630,FB37880_0_3603,37880,2025-02-01,O37880_0_8538,False
142659,FB37886_0_7659,37886,2025-02-01,O37886_0_1071,False
142754,FB37914_0_7314,37914,2025-02-16,O37914_0_6811,False
142778,FB37918_0_6035,37918,2025-02-12,O37918_0_5373,False
143069,FB37999_0_8358,37999,2025-01-01,O37999_0_2196,False
143238,FB38042_0_3437,38042,2025-01-24,O38042_0_3910,False
143313,FB38061_0_4614,38061,2025-01-16,O38061_0_8343,True
143342,FB38064_1_4200,38064,2025-02-03,O38064_1_6647,False
143471,FB38098_0_8887,38098,2025-02-14,O38098_0_8162,False
143590,FB38127_0_9191,38127,2025-02-22,O38127_0_7492,False
143753,FB38169_1_5710,38169,2025-01-08,O38169_1_2551,False
143856,FB38196_0_3435,38196,2025-02-07,O38196_0_1548,True
143868,FB38199_0_5235,38199,2025-02-28,O38199_0_4037,False
144586,FB38385_0_5012,38385,2025-01-19,O38385_0_3370,False
144685,FB38409_0_1259,38409,2025-01-14,O38409_0_9337,False
145055,FB38507_0_9107,38507,2025-01-11,O38507_0_2763,False
145117,FB38522_0_9788,38522,2025-02-08,O38522_0_1111,False
145131,FB38526_0_3734,38526,2025-02-12,O38526_0_2921,False
145249,,38557,2025-01-12,,
145314,FB38576_0_4394,38576,2025-02-04,O38576_0_9240,True
145423,FB38607_0_9976,38607,2025-02-13,O38607_0_5711,False
145582,FB38647_0_3154,38647,2025-01-20,O38647_0_7938,False
145610,FB38653_0_6005,38653,2025-01-01,O38653_0_1498,False
145741,FB38685_0_9581,38685,2025-02-23,O38685_0_2241,True
145894,FB38729_0_6693,38729,2025-02-25,O38729_0_7441,True
145993,FB38753_0_4583,38753,2025-01-03,,True
146060,FB38773_0_4080,38773,2025-01-19,O38773_0_5236,False
146485,FB38879_0_7677,38879,2025-02-21,O38879_0_4446,True
146637,FB38925_0_9686,38925,2025-02-16,O38925_0_2690,False
147050,FB39032_0_2697,39032,2025-02-10,,False
147166,FB39064_0_9845,39064,2025-01-19,O39064_0_1322,False
147561,FB39163_0_9110,39163,2025-02-14,O39163_0_2467,False
147721,FB39207_0_7868,39207,2025-01-15,O39207_0_8512,False
147789,FB39224_0_6547,39224,2025-02-09,O39224_0_7557,False
147962,FB39272_1_2545,39272,2025-02-14,O39272_1_5559,False
147986,FB39280_0_1400,39280,2025-01-20,O39280_0_4009,True
148147,FB39316_0_8728,39316,2025-02-23,O39316_0_8972,False
148400,FB39384_0_4053,39384,2025-02-28,O39384_0_6868,False
148413,FB39387_0_4094,39387,2025-01-07,O39387_0_9084,False
149422,FB39644_0_6322,39644,2025-02-19,O39644_0_3912,False
149696,FB39718_0_9637,39718,2025-02-06,O39718_0_3646,True
149789,FB39740_0_9506,39740,2025-02-17,O39740_0_4024,False
149857,FB39759_0_8405,39759,2025-02-16,O39759_0_6749,False
149884,FB39766_0_6205,39766,2025-02-18,O39766_0_3014,True
149955,FB39775_1_6770,39775,2025-01-20,O39775_1_1863,False
150206,FB39840_0_5919,39840,2025-02-01,O39840_0_8112,False
150572,FB39943_1_9739,39943,2025-02-07,O39943_1_2820,True
150847,FB40020_1_3745,40020,2025-01-11,O40020_1_5703,True
150913,FB40037_0_1928,40037,2025-02-02,O40037_0_4047,False
151044,FB40068_1_1990,40068,2025-03-01,O40068_1_9451,False
151077,FB40076_1_3186,40076,2025-01-31,O40076_1_5678,False
151106,FB40083_0_4405,40083,2025-01-01,O40083_0_2126,False
151520,FB40194_1_7822,40194,2025-01-19,O40194_1_7151,False
151815,FB40276_0_8512,40276,2025-01-15,O40276_0_9877,False
151866,FB40289_0_8911,40289,2025-02-26,O40289_0_3020,False
151881,FB40291_0_1967,40291,2025-02-14,O40291_0_5068,False
152099,FB40346_0_5025,40346,2025-01-07,O40346_0_2156,True
152309,FB40393_0_5826,40393,2025-01-07,O40393_0_6462,False
152344,FB40401_0_4529,40401,2025-01-06,O40401_0_3026,False
152479,,40438,2025-01-08,O40438_0_3247,False
152646,FB40487_0_4846,40487,2025-02-12,O40487_0_5158,False
152758,FB40519_0_5097,40519,2025-01-19,O40519_0_8670,False
153032,FB40592_0_9022,40592,2025-01-26,O40592_0_9008,False
153085,FB40604_0_6114,40604,2025-01-02,O40604_0_9633,False
153860,FB40810_0_7445,40810,2025-01-16,O40810_0_1795,False
154064,FB40872_0_4311,40872,2025-01-23,O40872_0_8059,False
154190,FB40902_0_3557,40902,2025-01-18,O40902_0_4625,False
154378,FB40957_0_2397,40957,2025-01-31,O40957_0_6280,False
154408,FB40967_0_2132,40967,2025-02-23,O40967_0_6559,True
154550,FB40999_0_4455,40999,2025-01-08,O40999_0_4252,True
154851,FB41086_0_6350,41086,2025-02-24,O41086_0_8843,False
154861,FB41088_0_1743,41088,2025-02-05,O41088_0_6175,False
155075,FB41138_1_2923,41138,2025-01-30,,False
155495,FB41252_0_1663,41252,2025-02-08,O41252_0_8143,False
155522,FB41256_1_6120,41256,2025-01-08,O41256_1_3028,False
155963,FB41383_0_5988,41383,2025-01-20,O41383_0_2012,True
156154,FB41436_0_3147,41436,2025-02-17,O41436_0_9970,False
156359,,41488,2025-01-09,O41488_0_7365,False
156453,FB41509_0_7844,41509,2025-02-21,O41509_0_3877,False
156719,FB41579_0_8423,41579,2025-01-30,O41579_0_5610,False
156725,FB41580_0_9153,41580,2025-02-02,O41580_0_9322,False
156863,FB41611_0_9120,41611,2025-02-05,O41611_0_5841,False
157162,FB41693_0_4119,41693,2025-02-22,O41693_0_8438,False
157461,FB41775_0_2027,41775,2025-02-16,O41775_0_5094,True
157582,FB41805_0_8476,41805,2025-01-26,O41805_0_8903,True
157926,FB41896_1_4882,41896,2025-02-02,O41896_1_4450,False
157976,FB41911_0_9937,41911,2025-01-13,O41911_0_7166,False
158085,FB41940_0_8117,41940,2025-02-26,O41940_0_2490,False
158262,FB41985_1_8835,41985,2025-01-13,O41985_1_1522,False
158341,FB42001_1_6411,42001,2025-02-01,O42001_1_7907,False
158479,FB42033_0_6630,42033,2025-01-20,O42033_0_3847,True
158485,FB42034_0_9832,42034,2025-01-11,O42034_0_4147,False
158547,FB42051_0_1445,42051,2025-01-17,O42051_0_1037,False
158578,FB42059_0_6320,42059,2025-01-21,O42059_0_6700,True
158823,FB42118_0_5217,42118,2025-01-04,O42118_0_9753,False
158979,FB42161_0_7026,42161,2025-02-28,O42161_0_4552,False
159085,FB42185_0_3789,42185,2025-01-29,O42185_0_3285,False
159105,FB42189_1_5069,42189,2025-02-20,O42189_1_1783,False
159484,FB42285_0_3593,42285,2025-01-30,O42285_0_9996,False
159575,FB42305_0_8062,42305,2025-02-26,O42305_0_8549,False
159714,FB42346_0_3920,42346,2025-02-16,O42346_0_2385,False
159802,FB42372_0_8370,42372,2025-02-12,O42372_0_9266,False
159842,FB42385_0_6736,42385,2025-02-20,O42385_0_3697,False
159905,FB42399_0_2590,42399,2025-02-27,O42399_0_4166,False
160077,FB42451_0_2459,42451,2025-02-27,O42451_0_4674,False
160097,FB42454_0_8114,42454,2025-01-30,O42454_0_6008,False
160692,FB42613_0_5098,42613,2025-02-22,O42613_0_4105,False
160876,FB42662_0_3195,42662,2025-02-16,O42662_0_9707,True
160973,FB42687_0_6718,42687,2025-02-05,O42687_0_9710,True
161094,FB42717_0_6271,42717,2025-02-09,O42717_0_4727,False
161175,FB42741_0_1715,42741,2025-01-22,O42741_0_2255,True
161205,FB42748_0_5834,42748,2025-02-03,O42748_0_9739,False
161240,FB42754_1_9267,42754,2025-02-25,O42754_1_2442,False
161309,FB42774_1_3897,42774,2025-02-01,O42774_1_4416,False
161829,FB42895_0_3030,42895,2025-01-06,O42895_0_3792,True
161881,FB42908_0_3655,42908,2025-02-04,O42908_0_3320,False
162101,FB42971_0_4730,42971,2025-02-02,O42971_0_1603,True
162417,FB43050_0_8803,43050,2025-02-09,O43050_0_5319,False
162670,FB43114_0_9666,43114,2025-02-28,O43114_0_6007,False
163068,FB43204_2_6065,43204,2025-02-28,O43204_2_7664,True
163097,FB43209_2_8259,43209,2025-01-29,O43209_2_9326,True
163219,FB43241_0_9487,43241,2025-02-01,O43241_0_7067,False
163231,,43244,2025-01-09,O43244_0_2154,True
163328,FB43267_0_6698,43267,2025-01-31,O43267_0_8539,True
163762,FB43393_0_8099,43393,2025-01-16,O43393_0_2626,False
163956,FB43446_2_8109,43446,2025-01-12,O43446_2_1395,False
164120,FB43488_0_3102,43488,2025-02-17,O43488_0_2443,False
164146,FB43494_0_4794,43494,2025-01-23,O43494_0_3903,True
164157,FB43495_0_7461,43495,2025-01-20,O43495_0_6501,True
164175,FB43499_0_9255,43499,2025-02-21,O43499_0_4749,False
164984,FB43703_0_3284,43703,2025-01-22,O43703_0_8345,True
164992,FB43706_0_1703,43706,2025-01-24,O43706_0_1824,False
165063,FB43722_0_1978,43722,2025-01-20,O43722_0_2782,True
165314,FB43784_1_6598,43784,2025-01-23,O43784_1_2399,False
165648,FB43877_0_3570,43877,2025-01-30,O43877_0_3787,False
165692,FB43887_0_2542,43887,2025-02-12,O43887_0_1728,False
165704,FB43891_0_6704,43891,2025-01-08,O43891_0_2356,False
165902,FB43951_0_2927,43951,2025-01-02,O43951_0_7966,True
166064,FB43999_0_5787,43999,2025-01-15,O43999_0_5190,True
166175,FB44031_0_6982,44031,2025-01-06,O44031_0_3005,True
166501,FB44117_0_4376,44117,2025-02-27,O44117_0_8429,False
166513,FB44120_0_2171,44120,2025-01-03,O44120_0_5033,False
166761,FB44182_0_6584,44182,2025-01-30,O44182_0_2351,False
166771,FB44184_0_6114,44184,2025-01-14,O44184_0_5170,False
167109,FB44278_0_9972,44278,2025-01-26,O44278_0_5369,False
167312,FB44325_0_2695,44325,2025-01-19,O44325_0_1034,False
167389,,44345,2025-01-11,O44345_0_4003,False
167824,FB44449_0_5290,44449,2025-02-06,O44449_0_1522,False
167932,FB44475_0_7156,44475,2025-01-26,O44475_0_8431,False
168001,FB44491_0_4665,44491,2025-01-07,O44491_0_9194,False
168108,FB44519_1_4837,44519,2025-01-07,O44519_1_7984,True
168401,FB44597_0_8545,44597,2025-01-07,O44597_0_8638,True
168906,FB44729_0_6620,44729,2025-02-23,O44729_0_2601,False
169006,FB44757_0_2239,44757,2025-01-30,O44757_0_5856,True
169072,FB44780_0_5436,44780,2025-01-22,O44780_0_1435,False
169279,FB44839_0_1190,44839,2025-01-05,O44839_0_7064,False
169531,FB44912_0_7705,44912,2025-02-28,O44912_0_2812,False
169601,FB44933_0_7070,44933,2025-01-31,O44933_0_2831,True
169670,FB44952_0_4433,44952,2025-02-07,O44952_0_4113,False
169704,FB44960_0_1300,44960,2025-02-06,O44960_0_9482,False
169923,FB45022_0_4439,45022,2025-01-07,O45022_0_2464,False
169957,FB45031_0_1078,45031,2025-01-02,O45031_0_5475,True
170103,FB45062_0_5810,45062,2025-01-17,O45062_0_5897,False
170149,FB45076_0_7316,45076,2025-01-20,O45076_0_8113,False
170441,FB45155_1_1073,45155,2025-01-24,O45155_1_5033,False
170544,FB45183_0_1367,45183,2025-01-07,O45183_0_4430,True
170577,FB45192_0_1427,45192,2025-01-06,O45192_0_3233,False
170673,FB45220_0_6879,45220,2025-01-17,O45220_0_3226,True
170694,FB45223_0_2707,45223,2025-02-05,O45223_0_2950,False
170702,FB45224_0_5491,45224,2025-01-12,O45224_0_7727,False
170827,FB45257_0_3437,45257,2025-01-29,O45257_0_6731,False
171046,FB45312_1_3330,45312,2025-01-14,O45312_1_7274,False
171360,FB45393_0_4608,45393,2025-02-26,O45393_0_2362,False
171564,FB45447_0_9430,45447,2025-02-24,O45447_0_4059,False
171626,FB45465_0_7230,45465,2025-02-04,O45465_0_5057,True
171632,FB45466_0_4508,45466,2025-01-30,O45466_0_3072,False
172062,FB45578_1_5398,45578,2025-01-06,O45578_1_6785,False
172123,FB45594_0_5698,45594,2025-01-08,O45594_0_3708,False
172469,FB45694_2_7678,45694,2025-02-20,O45694_2_1268,False
173085,FB45854_1_2021,45854,2025-01-29,O45854_1_3319,False
173138,FB45872_0_9887,45872,2025-02-06,O45872_0_4722,False
173364,FB45932_0_8837,45932,2025-02-13,O45932_0_6108,False
173370,FB45932_1_5847,45932,2025-02-20,O45932_1_6921,False
173390,FB45939_0_5539,45939,2025-01-06,O45939_0_6387,False
173468,FB45961_0_6241,45961,2025-01-04,O45961_0_9277,False
173996,FB46109_1_6925,46109,2025-01-17,O46109_1_9000,False
174404,FB46216_0_9220,46216,2025-02-04,O46216_0_3083,False
174462,FB46231_1_2752,46231,2025-01-16,O46231_1_9716,True
174536,FB46253_0_8192,46253,2025-01-23,O46253_0_4594,True
174730,FB46295_0_7067,46295,2025-01-26,,False
174809,FB46314_0_2723,46314,2025-01-01,O46314_0_2225,False
175071,FB46381_0_2079,46381,2025-02-04,O46381_0_1722,False
175077,FB46382_0_7331,46382,2025-01-20,O46382_0_6397,True
175422,FB46480_0_1717,46480,2025-01-12,O46480_0_5881,False
175858,FB46615_0_1857,46615,2025-01-19,O46615_0_2454,False
175874,FB46618_1_6458,46618,2025-01-04,O46618_1_9156,False
175913,FB46625_0_3939,46625,2025-02-26,O46625_0_2289,True
176002,FB46647_0_8006,46647,2025-01-28,O46647_0_1004,False
176063,FB46660_0_3386,46660,2025-01-16,O46660_0_7667,False
176399,FB46754_0_5854,46754,2025-02-03,O46754_0_3856,False
176521,FB46790_0_4492,46790,2025-02-24,O46790_0_9598,True
176777,FB46854_0_7618,46854,2025-02-16,O46854_0_8214,False
176825,FB46865_0_9174,46865,2025-02-28,O46865_0_5363,True
176903,FB46886_0_5648,46886,2025-02-11,O46886_0_6360,False
176950,FB46895_0_2026,46895,2025-02-25,O46895_0_1425,True
177262,FB46974_0_4214,46974,2025-02-25,O46974_0_1352,False
177292,FB46981_0_2732,46981,2025-02-21,O46981_0_9019,False
177356,FB47000_0_1084,47000,2025-01-30,O47000_0_3570,False
177385,FB47009_0_6114,47009,2025-01-22,O47009_0_4787,False
177868,FB47127_0_1542,47127,2025-01-16,O47127_0_8330,True
177952,FB47148_0_7172,47148,2025-01-02,O47148_0_3168,False
177985,FB47153_1_3653,47153,2025-01-21,O47153_1_9242,True
178211,FB47222_0_9570,47222,2025-01-23,O47222_0_9468,True
178277,FB47236_0_4064,47236,2025-02-08,O47236_0_1891,True
178692,FB47361_0_8843,47361,2025-01-06,O47361_0_6127,False
179018,FB47457_0_5988,47457,2025-01-16,O47457_0_4464,False
179068,FB47474_0_8810,47474,2025-02-22,O47474_0_9140,True
179083,FB47478_0_5421,47478,2025-02-02,O47478_0_6852,False
179221,FB47517_0_9470,47517,2025-01-20,,False
179294,FB47533_0_8743,47533,2025-01-31,O47533_0_6279,False
179306,,47537,2025-02-26,O47537_0_6315,False
179407,FB47562_0_8716,47562,2025-01-15,O47562_0_5553,False
179632,FB47631_0_7171,47631,2025-01-29,O47631_0_6804,True
179817,FB47679_0_1252,47679,2025-01-08,O47679_0_3197,True
179866,FB47688_1_1072,47688,2025-02-26,O47688_1_1175,False
179917,FB47703_0_4634,47703,2025-02-04,O47703_0_8988,False
180010,FB47725_0_8949,47725,2025-02-19,O47725_0_1034,True
180245,FB47783_0_3368,47783,2025-01-31,O47783_0_1438,True
180408,FB47831_0_6165,47831,2025-01-28,O47831_0_8931,True
180484,FB47851_0_1445,47851,2025-01-30,O47851_0_8619,False
180591,FB47879_0_3313,47879,2025-02-14,O47879_0_7014,False
180701,FB47905_0_1999,47905,2025-01-25,O47905_0_7065,True
180848,FB47938_0_9800,47938,2025-01-21,O47938_0_5871,False
181035,FB47985_0_5110,47985,2025-01-30,O47985_0_6298,True
181069,FB47992_0_9837,47992,2025-02-03,O47992_0_7985,True
181244,FB48040_0_3433,48040,2025-02-19,O48040_0_4420,False
181458,FB48096_0_7145,48096,2025-02-28,O48096_0_4764,False
181492,FB48106_0_5803,48106,2025-01-30,O48106_0_1504,False
181503,FB48109_0_3436,48109,2025-01-06,O48109_0_6530,False
181828,FB48200_0_1040,48200,2025-01-29,O48200_0_4680,True
182461,FB48373_0_3337,48373,2025-01-24,O48373_0_9299,False
182550,FB48395_0_1116,48395,2025-01-08,O48395_0_3381,False
183056,FB48527_0_4162,48527,2025-02-05,O48527_0_7233,True
183199,FB48558_1_9392,48558,2025-01-19,O48558_1_7362,False
183289,FB48584_0_5550,48584,2025-01-27,O48584_0_8460,False
183636,FB48675_0_5057,48675,2025-01-27,O48675_0_4878,True
183704,FB48691_0_2052,48691,2025-01-21,O48691_0_7715,False
183921,FB48751_1_9691,48751,2025-01-11,O48751_1_4141,False
184018,FB48775_0_4356,48775,2025-02-21,O48775_0_3740,True
184866,FB49010_0_9155,49010,2025-02-05,O49010_0_5564,False
184956,FB49037_0_5407,49037,2025-01-01,O49037_0_4617,False
185199,FB49100_0_3392,49100,2025-01-08,O49100_0_9543,True
185238,FB49109_0_4980,49109,2025-02-25,O49109_0_2943,False
185244,FB49110_0_5724,49110,2025-02-02,O49110_0_3050,False
185526,FB49183_0_4328,49183,2025-01-15,O49183_0_2320,True
185617,FB49210_0_6791,49210,2025-02-19,O49210_0_7616,True
185820,FB49263_0_3812,49263,2025-01-25,O49263_0_3886,False
186150,FB49355_0_2202,49355,2025-02-04,O49355_0_5612,True
186217,FB49371_0_6769,49371,2025-02-13,O49371_0_8227,False
186343,FB49405_0_1579,49405,2025-02-06,O49405_0_6794,False
186953,FB49565_0_1330,49565,2025-01-11,O49565_0_2479,False
187153,FB49617_0_9362,49617,2025-02-11,O49617_0_9182,False
187159,FB49618_0_3868,49618,2025-01-05,O49618_0_2398,True
187453,FB49695_0_4720,49695,2025-01-17,O49695_0_8365,True
187942,FB49823_0_6995,49823,2025-02-20,O49823_0_6949,True
187993,FB49836_0_4354,49836,2025-01-21,O49836_0_7829,False
188028,FB49845_0_6729,49845,2025-02-07,O49845_0_6418,True
188141,FB49879_0_4891,49879,2025-01-24,O49879_0_8791,True
188318,FB49919_0_8103,49919,2025-01-02,O49919_0_4186,True
188467,FB49961_0_7756,49961,2025-01-10,O49961_0_3309,False
188838,FB50067_0_8381,50067,2025-01-25,O50067_0_5328,False
188853,FB50071_0_6179,50071,2025-01-13,O50071_0_8804,True
188859,FB50072_0_1805,50072,2025-01-25,O50072_0_2537,False
188969,FB50097_1_1300,50097,2025-01-04,O50097_1_4942,False
188980,,50100,2025-02-01,,False
189182,FB50156_0_8094,50156,2025-01-28,O50156_0_2659,False
189254,FB50177_0_9343,50177,2025-01-11,O50177_0_1084,True
189274,FB50182_0_6764,50182,2025-02-14,O50182_0_9852,False
189504,FB50250_0_3657,50250,2025-02-21,O50250_0_2550,False
189694,FB50296_0_2690,50296,2025-01-12,O50296_0_5469,False
189891,FB50347_0_4644,50347,2025-02-24,O50347_0_4067,True
190183,FB50422_0_8735,50422,2025-02-10,O50422_0_8978,False
190200,FB50424_2_3107,50424,2025-02-01,O50424_2_5652,False
190288,FB50441_0_8143,50441,2025-02-02,O50441_0_3792,False
190721,FB50558_0_1504,50558,2025-01-05,O50558_0_2384,False
190830,FB50580_1_1672,50580,2025-01-23,O50580_1_5254,True
191085,FB50643_1_6523,50643,2025-01-10,O50643_1_9145,False
191188,FB50668_0_9754,50668,2025-01-13,O50668_0_3081,False
191404,FB50723_0_2064,50723,2025-02-19,O50723_0_3281,True
191567,FB50765_0_1265,50765,2025-01-25,O50765_0_4498,True
191741,FB50810_0_6325,50810,2025-01-02,O50810_0_9503,False
191922,FB50852_0_8787,50852,2025-02-15,O50852_0_1935,False
192472,FB51006_0_7532,51006,2025-01-22,O51006_0_9636,False
192488,FB51010_0_3887,51010,2025-02-19,O51010_0_8607,False
192515,FB51017_0_9015,51017,2025-01-26,O51017_0_1931,False
192827,FB51110_1_1238,51110,2025-02-17,O51110_1_5456,False
192936,FB51135_0_9643,51135,2025-01-23,O51135_0_7613,True
192992,FB51151_0_4201,51151,2025-01-01,O51151_0_3388,False
193039,FB51162_0_4947,51162,2025-01-10,O51162_0_3018,False
193174,FB51202_0_2703,51202,2025-02-17,O51202_0_9774,False
193259,FB51222_0_7820,51222,2025-01-15,O51222_0_4349,False
193265,FB51222_1_8739,51222,2025-01-17,O51222_1_4120,False
193322,FB51237_0_4393,51237,2025-01-21,O51237_0_6737,True
193335,FB51241_0_1918,51241,2025-01-19,O51241_0_8600,False
193453,FB51279_0_8560,51279,2025-02-13,O51279_0_8129,False
193685,FB51345_0_1209,51345,2025-01-16,O51345_0_5803,False
193744,FB51357_1_6991,51357,2025-02-04,O51357_1_3286,False
193759,FB51361_0_9285,51361,2025-01-10,O51361_0_8917,False
193767,FB51364_0_7697,51364,2025-01-29,O51364_0_9343,False
194335,FB51509_0_5331,51509,2025-02-17,O51509_0_2555,False
194433,FB51537_0_9990,51537,2025-01-20,O51537_0_8333,True
194449,FB51539_0_4478,51539,2025-02-23,O51539_0_2594,False
194595,FB51586_0_4933,51586,2025-02-05,O51586_0_1927,False
194636,FB51595_0_7305,51595,2025-01-20,O51595_0_6318,True
194748,FB51624_0_3049,51624,2025-02-27,O51624_0_8922,False
195041,FB51698_0_5372,51698,2025-01-05,O51698_0_3101,False
195133,FB51720_0_6389,51720,2025-02-22,O51720_0_8818,False
195357,FB51785_0_8559,51785,2025-02-14,O51785_0_4344,False
195762,FB51890_0_1563,51890,2025-01-09,O51890_0_1463,False
196555,,52096,2025-01-24,,
196726,FB52139_0_8929,52139,2025-01-24,O52139_0_9140,True
196961,FB52196_0_8057,52196,2025-01-15,O52196_0_3600,True
197462,FB52336_0_6013,52336,2025-01-13,O52336_0_9759,True
197529,FB52349_0_9064,52349,2025-01-24,O52349_0_4155,False
197891,FB52440_0_7723,52440,2025-01-18,O52440_0_1956,False
198100,,52495,2025-02-05,,
198660,FB52656_0_7603,52656,2025-02-23,O52656_0_8886,True
198784,FB52688_0_4796,52688,2025-02-22,O52688_0_6050,False
199076,FB52766_0_1414,52766,2025-01-31,O52766_0_3426,False
199656,FB52907_0_4233,52907,2025-01-21,O52907_0_8252,False
199881,FB52968_0_8724,52968,2025-01-07,O52968_0_8940,False
200169,FB53042_0_5610,53042,2025-02-06,O53042_0_7395,False
200238,FB53058_0_3105,53058,2025-01-05,O53058_0_3621,False
200459,FB53116_0_9931,53116,2025-01-28,O53116_0_5282,True
200567,FB53145_0_4404,53145,2025-01-14,O53145_0_6350,False
200614,FB53161_0_9409,53161,2025-01-01,O53161_0_3913,True
200753,FB53197_0_2631,53197,2025-01-02,O53197_0_9473,False
200873,FB53232_1_9503,53232,2025-02-22,O53232_1_6470,False
200987,FB53263_0_2508,53263,2025-01-05,O53263_0_6452,True
201036,FB53275_1_8794,53275,2025-01-05,O53275_1_7303,True
201079,FB53285_0_4844,53285,2025-02-28,O53285_0_9758,False
201110,FB53292_0_6072,53292,2025-02-03,O53292_0_1308,False
201179,FB53310_0_5537,53310,2025-02-03,O53310_0_1002,False
201671,FB53432_0_1887,53432,2025-01-30,O53432_0_5289,True
202509,FB53673_0_8022,53673,2025-01-27,O53673_0_4206,False
202851,FB53758_0_3556,53758,2025-01-04,O53758_0_4146,False
202944,FB53789_0_5041,53789,2025-01-22,O53789_0_2369,True
203112,FB53837_0_5727,53837,2025-02-20,O53837_0_6358,False
203152,FB53848_0_3965,53848,2025-02-12,O53848_0_3801,True
203593,FB53967_0_1558,53967,2025-01-03,O53967_0_2691,True
203905,FB54054_0_7288,54054,2025-01-19,O54054_0_9487,False
204000,FB54075_0_4379,54075,2025-02-04,O54075_0_9424,True
204453,FB54195_0_5012,54195,2025-02-02,O54195_0_7277,False
204626,FB54235_0_8373,54235,2025-01-25,O54235_0_5748,False
205504,FB54470_0_1809,54470,2025-02-04,O54470_0_9070,True
205885,FB54576_0_1455,54576,2025-02-01,O54576_0_3961,False
205913,FB54581_0_3876,54581,2025-02-10,O54581_0_3390,False
206563,FB54744_0_7971,54744,2025-01-06,O54744_0_2569,False
206713,,54783,2025-01-14,O54783_0_9234,False
206743,FB54793_0_3944,54793,2025-01-23,O54793_0_5990,False
206896,FB54835_0_2572,54835,2025-01-23,O54835_0_8679,True
206982,FB54860_0_6944,54860,2025-02-01,O54860_0_1124,False
207036,FB54876_0_9561,54876,2025-01-31,O54876_0_2451,True
207158,FB54912_0_3753,54912,2025-02-19,O54912_0_3429,False
207294,FB54946_0_7917,54946,2025-02-16,O54946_0_8928,False
207636,FB55035_0_3380,55035,2025-02-05,O55035_0_5881,False
207731,FB55063_1_8932,55063,2025-02-08,O55063_1_4206,True
207773,FB55073_0_1978,55073,2025-01-09,O55073_0_2526,False
208017,FB55135_0_3067,55135,2025-02-11,O55135_0_2468,False
208076,FB55147_0_7232,55147,2025-02-12,O55147_0_6054,False
208418,FB55226_0_7796,55226,2025-01-07,O55226_0_7084,False
208570,FB55264_0_3758,55264,2025-01-02,O55264_0_4859,False
208633,FB55282_0_7734,55282,2025-01-12,O55282_0_3126,False
208682,FB55297_0_2404,55297,2025-02-02,O55297_0_8797,False
208699,,55299,2025-02-02,O55299_0_1270,False
208731,FB55304_0_8619,55304,2025-01-07,O55304_0_9517,False
208750,FB55311_0_7688,55311,2025-02-04,O55311_0_3424,False
208826,FB55329_0_6712,55329,2025-01-23,O55329_0_7401,True
208902,FB55348_0_4845,55348,2025-01-15,O55348_0_7241,False
209049,FB55385_0_3013,55385,2025-02-13,O55385_0_8125,False
209154,FB55412_0_6946,55412,2025-01-17,O55412_0_8780,True
209438,FB55486_0_6925,55486,2025-01-14,O55486_0_2238,True
209807,FB55591_0_8230,55591,2025-02-13,O55591_0_4892,False
210659,FB55808_0_2947,55808,2025-02-22,O55808_0_9071,True
210753,FB55838_0_1124,55838,2025-01-23,O55838_0_7299,False
211027,FB55909_0_7004,55909,2025-01-19,O55909_0_6642,False
211139,FB55936_0_1457,55936,2025-02-24,O55936_0_4731,False
211241,FB55962_0_7045,55962,2025-02-15,O55962_0_3480,False
211332,FB55983_1_5262,55983,2025-01-31,O55983_1_5809,True
211546,FB56035_0_6797,56035,2025-01-19,O56035_0_2246,False
211821,FB56109_0_1766,56109,2025-02-13,O56109_0_2533,True
212112,FB56185_0_9962,56185,2025-01-17,O56185_0_9326,False
212136,FB56193_0_4121,56193,2025-02-27,O56193_0_4250,False
212430,FB56276_1_8136,56276,2025-02-22,O56276_1_1153,False
212478,FB56286_0_4266,56286,2025-02-04,O56286_0_7970,False
212841,FB56387_0_1140,56387,2025-02-19,O56387_0_2605,True
212871,FB56395_1_2645,56395,2025-02-06,O56395_1_8979,False
213098,FB56457_0_1618,56457,2025-01-03,O56457_0_8660,True
213136,FB56465_0_8309,56465,2025-01-29,O56465_0_4813,True
213143,FB56467_0_2222,56467,2025-02-01,O56467_0_7233,False
213152,FB56469_0_5947,56469,2025-01-14,O56469_0_9356,False
213544,FB56565_0_4178,56565,2025-01-05,O56565_0_4677,False
213572,FB56572_0_8199,56572,2025-02-11,O56572_0_9239,False
213617,FB56587_1_1755,56587,2025-01-31,O56587_1_2430,False
213664,FB56600_0_5100,56600,2025-01-28,O56600_0_4948,False
213722,FB56614_0_3942,56614,2025-01-12,O56614_0_9633,False
214496,FB56821_0_4441,56821,2025-01-30,O56821_0_7156,True
214687,FB56864_1_6147,56864,2025-02-22,O56864_1_8109,True
214700,FB56867_0_2287,56867,2025-01-03,O56867_0_5781,True
214833,FB56904_0_8731,56904,2025-01-12,O56904_0_3158,False
214935,FB56924_0_7063,56924,2025-01-05,O56924_0_6579,False
214958,FB56928_0_1839,56928,2025-01-12,O56928_0_3324,False
215064,FB56953_0_9567,56953,2025-01-17,O56953_0_9222,False
215209,FB56988_0_8695,56988,2025-01-08,O56988_0_2039,False
215413,FB57033_0_5212,57033,2025-02-08,O57033_0_7015,True
215483,FB57046_0_3538,57046,2025-02-19,O57046_0_5335,False
215568,FB57062_0_2880,57062,2025-01-03,O57062_0_9371,True
215688,FB57093_0_9355,57093,2025-01-16,O57093_0_4948,True
215771,FB57115_0_7868,57115,2025-02-25,O57115_0_7290,False
215796,FB57121_0_4869,57121,2025-01-23,O57121_0_5527,False
215811,FB57124_0_6499,57124,2025-02-13,O57124_0_2085,False
215833,FB57128_0_1502,57128,2025-01-28,O57128_0_6899,False
215988,FB57158_1_5189,57158,2025-01-13,O57158_1_7528,True
216042,FB57172_0_5768,57172,2025-01-07,O57172_0_2289,True
216562,FB57313_0_7209,57313,2025-02-18,O57313_0_4110,True
216636,FB57329_0_9610,57329,2025-01-18,O57329_0_5415,False
216650,FB57333_0_5632,57333,2025-01-09,O57333_0_8004,False
216874,FB57394_0_8088,57394,2025-02-09,,True
217159,FB57474_0_7615,57474,2025-01-06,O57474_0_2740,False
217552,FB57575_0_8184,57575,2025-01-30,O57575_0_9797,True
218007,FB57695_0_2783,57695,2025-02-17,O57695_0_2309,False
218213,FB57747_0_9982,57747,2025-01-04,O57747_0_4632,False
218251,FB57759_0_8262,57759,2025-01-25,O57759_0_7604,False
218579,FB57841_1_5400,57841,2025-01-22,O57841_1_1055,True
218640,FB57856_0_4806,57856,2025-02-13,O57856_0_2387,True
218810,FB57901_0_5357,57901,2025-01-05,O57901_0_8516,False
218838,FB57908_0_5787,57908,2025-01-07,O57908_0_8412,False
219039,FB57963_0_1799,57963,2025-02-10,O57963_0_4476,False
219110,FB57981_1_3878,57981,2025-01-24,O57981_1_9344,False
219356,FB58053_0_8614,58053,2025-01-25,O58053_0_3937,False
219799,FB58170_1_9423,58170,2025-02-20,O58170_1_8348,False
219968,FB58210_0_2340,58210,2025-01-20,O58210_0_3457,False
219974,FB58210_1_9126,58210,2025-01-27,O58210_1_2551,False
220092,,58240,2025-01-01,O58240_0_3370,False
220168,FB58256_0_1498,58256,2025-02-17,O58256_0_8884,False
220313,FB58290_0_5555,58290,2025-01-15,O58290_0_5551,False
220375,FB58302_0_1364,58302,2025-01-24,O58302_0_9402,False
220477,FB58326_0_3194,58326,2025-02-21,O58326_0_3675,False
220492,FB58328_0_1481,58328,2025-01-16,O58328_0_9131,False
220616,FB58361_0_7197,58361,2025-01-04,O58361_0_2062,False
220622,FB58362_0_6811,58362,2025-01-13,O58362_0_7987,False
220678,FB58375_0_1241,58375,2025-02-10,O58375_0_4389,True
220845,,58413,2025-02-02,O58413_0_7331,True
220973,FB58453_0_3382,58453,2025-01-25,O58453_0_5227,True
221074,FB58477_0_1875,58477,2025-02-11,O58477_0_6383,False
221502,FB58603_0_6853,58603,2025-02-05,O58603_0_1546,False
221558,FB58619_0_8328,58619,2025-02-03,O58619_0_1466,False
222345,FB58838_0_1953,58838,2025-02-25,O58838_0_9963,False
222666,FB58924_0_8604,58924,2025-02-06,O58924_0_4195,True
222816,FB58957_0_4884,58957,2025-02-18,,True
223602,,59181,2025-02-22,O59181_0_8334,False
223757,FB59221_0_1734,59221,2025-02-17,O59221_0_3091,False
223875,,59247,2025-01-05,O59247_0_7707,True
224055,FB59301_0_4385,59301,2025-02-07,O59301_0_1491,False
224348,FB59380_0_7687,59380,2025-02-10,O59380_0_8344,False
224623,FB59456_0_9327,59456,2025-02-27,O59456_0_2917,True
225230,FB59613_0_8248,59613,2025-01-28,O59613_0_3497,False
225329,FB59637_0_9813,59637,2025-01-14,O59637_0_3699,False
225378,FB59650_0_4450,59650,2025-01-17,O59650_0_3095,False
225410,FB59658_0_1317,59658,2025-01-20,O59658_0_2603,False
225508,FB59685_0_3259,59685,2025-02-03,O59685_0_5769,True
225527,FB59687_0_4895,59687,2025-01-14,O59687_0_9420,False
225653,FB59725_0_6377,59725,2025-02-18,O59725_0_2249,False
225690,FB59733_0_8756,59733,2025-01-23,O59733_0_6575,False
225932,FB59786_0_6985,59786,2025-01-14,O59786_0_3906,False
226480,FB59927_0_4157,59927,2025-01-16,O59927_0_8934,False
226795,FB60010_1_8565,60010,2025-02-02,O60010_1_3535,True
226827,FB60015_0_3755,60015,2025-02-25,O60015_0_5157,False
226842,FB60019_0_1875,60019,2025-01-06,O60019_0_9065,True
227222,FB60118_0_3429,60118,2025-01-26,O60118_0_8034,False
227300,FB60138_0_4138,60138,2025-01-09,O60138_0_4653,False
227323,FB60146_0_4190,60146,2025-02-04,O60146_0_5126,False
227392,FB60160_0_5705,60160,2025-02-26,O60160_0_2783,False
227640,FB60235_0_1025,60235,2025-01-06,O60235_0_3471,True
227704,FB60250_0_3501,60250,2025-02-27,O60250_0_4505,False
227863,FB60290_0_3638,60290,2025-02-05,O60290_0_1793,True
228069,FB60346_0_5665,60346,2025-01-20,O60346_0_6975,False
228456,FB60455_0_4261,60455,2025-02-07,O60455_0_7297,True
228638,FB60499_0_9006,60499,2025-01-14,O60499_0_2860,False
228862,FB60567_0_4536,60567,2025-02-22,O60567_0_1666,False
228952,FB60594_0_9680,60594,2025-01-25,O60594_0_1242,True
228999,FB60608_0_1483,60608,2025-02-19,O60608_0_9591,False
229145,FB60648_0_7356,60648,2025-01-20,O60648_0_9494,False
229176,FB60653_0_2870,60653,2025-02-13,O60653_0_3747,False
229291,FB60679_1_7123,60679,2025-01-20,O60679_1_9175,False
229533,FB60743_1_4874,60743,2025-01-10,O60743_1_6417,False
229637,FB60764_0_6682,60764,2025-02-14,O60764_0_2359,False
229791,,60800,2025-02-04,O60800_0_9506,False
229953,FB60845_0_8374,60845,2025-01-28,O60845_0_6183,False
230914,FB61112_0_3685,61112,2025-02-07,O61112_0_6016,False
231070,,61146,2025-01-28,O61146_1_4315,False
231334,FB61211_0_9849,61211,2025-02-25,,True
231390,FB61226_0_5178,61226,2025-02-03,O61226_0_6738,False
232204,FB61453_0_8164,61453,2025-02-07,O61453_0_3164,True
232334,FB61485_0_7057,61485,2025-01-12,O61485_0_6818,True
233191,FB61699_0_2083,61699,2025-02-14,O61699_0_9463,False
233214,FB61705_1_1451,61705,2025-02-03,O61705_1_3609,False
233232,FB61709_0_5947,61709,2025-01-27,O61709_0_5427,True
233505,FB61779_0_4610,61779,2025-02-05,O61779_0_8185,True
233799,FB61864_0_1029,61864,2025-02-21,O61864_0_3412,False
233870,FB61880_0_7424,61880,2025-02-26,O61880_0_7390,True
233892,FB61884_0_4133,61884,2025-01-22,O61884_0_1181,True
234068,FB61927_0_7998,61927,2025-02-09,O61927_0_2155,False
234291,,61993,2025-02-12,O61993_0_1003,True
234342,FB62006_0_9913,62006,2025-01-06,O62006_0_5694,False
234479,FB62042_0_4886,62042,2025-02-18,O62042_0_3289,False
234530,FB62056_0_7641,62056,2025-01-13,O62056_0_1087,False
234553,FB62060_0_1808,62060,2025-01-05,O62060_0_6529,False
234559,FB62061_0_4134,62061,2025-02-08,O62061_0_6830,True
234951,FB62170_0_9533,62170,2025-01-26,O62170_0_3778,False
235004,FB62185_0_5374,62185,2025-02-21,O62185_0_1545,False
235024,FB62189_0_5486,62189,2025-01-15,O62189_0_2752,True
235039,FB62193_0_1533,62193,2025-01-01,O62193_0_1891,True
236275,FB62516_0_5594,62516,2025-01-17,O62516_0_5686,False
236488,FB62574_0_5564,62574,2025-01-10,O62574_0_1305,False
236641,FB62611_0_1330,62611,2025-02-15,O62611_0_8205,False
236867,FB62671_0_6888,62671,2025-01-24,O62671_0_2065,True
236944,FB62693_0_5130,62693,2025-02-27,O62693_0_3170,False
236989,FB62707_0_8443,62707,2025-01-29,O62707_0_4432,False
237675,FB62878_0_6908,62878,2025-01-10,O62878_0_1867,False
237791,FB62910_0_7134,62910,2025-01-12,O62910_0_4826,False
237955,FB62950_0_3361,62950,2025-02-07,O62950_0_9671,False
238009,FB62960_0_8923,62960,2025-02-21,O62960_0_7292,False
238023,FB62964_0_5079,62964,2025-01-17,O62964_0_6540,False
238112,FB62989_0_3103,62989,2025-01-31,O62989_0_1035,False
238286,FB63034_1_8844,63034,2025-02-14,O63034_1_8210,True
238387,FB63060_0_1290,63060,2025-01-22,O63060_0_7579,False
238462,FB63079_0_4735,63079,2025-02-01,O63079_0_8768,False
238495,,63087,2025-01-21,,
238513,FB63090_0_2884,63090,2025-02-02,O63090_0_6350,False
238755,FB63154_0_2548,63154,2025-01-11,O63154_0_9754,False
238761,FB63154_1_3759,63154,2025-01-13,O63154_1_6037,False
239170,FB63252_0_5123,63252,2025-01-05,O63252_0_3037,False
239195,FB63257_1_7853,63257,2025-03-01,O63257_1_9784,True
239230,,63267,2025-01-09,,
239487,FB63332_0_2550,63332,2025-02-15,O63332_0_2774,False
239701,FB63387_0_5954,63387,2025-02-20,O63387_0_6187,True
239990,FB63465_0_2982,63465,2025-02-27,O63465_0_6176,False
240054,,63482,2025-01-11,,
240242,FB63538_0_2501,63538,2025-01-05,O63538_0_2651,True
240301,FB63550_0_6795,63550,2025-02-15,O63550_0_5245,False
240422,FB63587_0_2457,63587,2025-01-08,O63587_0_6226,False
240605,FB63631_0_9881,63631,2025-01-10,O63631_0_8428,False
240738,FB63672_0_8197,63672,2025-01-25,O63672_0_5450,False
240767,FB63679_0_1456,63679,2025-02-07,O63679_0_9187,True
240910,FB63715_0_8769,63715,2025-02-26,O63715_0_1976,False
240991,FB63736_0_6839,63736,2025-01-11,O63736_0_3654,False
241120,FB63764_0_2238,63764,2025-01-21,O63764_0_5518,False
241523,FB63872_0_6501,63872,2025-02-13,O63872_0_6697,False
241539,FB63874_1_2452,63874,2025-01-25,O63874_1_2342,False
241615,FB63897_0_8726,63897,2025-01-19,O63897_0_8208,False
241976,FB63985_0_9901,63985,2025-01-13,O63985_0_1328,False
242052,FB64008_0_3830,64008,2025-02-17,O64008_0_3652,False
242074,FB64015_0_1514,64015,2025-02-01,O64015_0_1831,True
242160,FB64040_0_3329,64040,2025-02-17,O64040_0_2996,True
242541,FB64139_0_3824,64139,2025-01-23,O64139_0_1498,False
242866,FB64222_0_1628,64222,2025-02-11,O64222_0_7597,False
243107,FB64281_0_7242,64281,2025-02-04,O64281_0_8893,True
243505,FB64393_0_3760,64393,2025-01-08,O64393_0_2278,True
243593,FB64415_0_1527,64415,2025-02-28,O64415_0_6550,False
243666,FB64432_0_7975,64432,2025-02-20,O64432_0_3065,False
243754,FB64456_0_4392,64456,2025-02-24,O64456_0_1576,False
243800,FB64466_0_4787,64466,2025-01-07,O64466_0_8100,False
243852,FB64478_0_4235,64478,2025-02-24,O64478_0_9374,False
244128,FB64544_0_9195,64544,2025-01-08,O64544_0_3785,False
244308,FB64581_0_2793,64581,2025-01-07,O64581_0_4918,False
244553,FB64644_1_8180,64644,2025-01-19,O64644_1_4793,False
244571,FB64648_0_4492,64648,2025-02-08,O64648_0_5348,False
244661,FB64670_0_8140,64670,2025-01-31,O64670_0_4450,False
245171,FB64808_0_1918,64808,2025-01-16,O64808_0_5837,False
245268,FB64836_0_1659,64836,2025-01-28,O64836_0_8773,True
245285,FB64842_0_8723,64842,2025-01-11,O64842_0_4712,False
245380,FB64869_0_4745,64869,2025-01-15,O64869_0_6150,False
245443,FB64887_0_7095,64887,2025-01-09,O64887_0_6320,False
245668,FB64944_0_3388,64944,2025-01-13,O64944_0_8912,False
245722,,64958,2025-02-06,O64958_0_2630,True
245980,FB65032_0_6968,65032,2025-01-26,O65032_0_1910,False
246292,FB65111_0_3831,65111,2025-01-15,O65111_0_1705,False
246547,FB65175_0_7174,65175,2025-02-06,O65175_0_1733,True
246741,FB65225_0_1037,65225,2025-01-01,O65225_0_1174,False
247033,FB65302_0_5711,65302,2025-01-22,O65302_0_8189,False
247223,FB65348_1_7676,65348,2025-02-10,O65348_1_2233,False
247606,FB65440_0_2292,65440,2025-01-30,O65440_0_7042,False
247753,FB65480_0_6579,65480,2025-02-10,O65480_0_3549,False
247905,FB65515_0_5248,65515,2025-01-23,O65515_0_7922,True
247929,FB65520_1_7810,65520,2025-01-24,O65520_1_6948,False
248243,FB65598_0_3102,65598,2025-01-19,O65598_0_7640,True
248301,FB65608_0_2888,65608,2025-02-21,O65608_0_3583,False
248391,FB65628_0_7104,65628,2025-02-13,O65628_0_5651,False
248596,FB65684_0_1326,65684,2025-01-25,O65684_0_2131,False
248784,FB65729_0_1230,65729,2025-01-12,O65729_0_4121,False
248838,FB65747_0_8741,65747,2025-02-02,O65747_0_2993,False
248962,FB65783_0_2845,65783,2025-01-08,O65783_0_8103,False
249268,FB65874_0_1087,65874,2025-02-18,O65874_0_2339,False
249320,FB65890_0_1185,65890,2025-02-22,,False
249397,FB65912_0_4763,65912,2025-02-15,O65912_0_4521,True
249569,FB65961_0_4534,65961,2025-01-19,O65961_0_9360,True
249879,FB66048_0_9994,66048,2025-02-16,O66048_0_1255,False
249989,FB66078_0_4886,66078,2025-02-17,O66078_0_6949,True
250745,FB66285_0_5608,66285,2025-01-16,O66285_0_3336,True
250922,FB66333_0_7819,66333,2025-01-12,O66333_0_3224,False
251147,FB66381_0_4988,66381,2025-01-27,O66381_0_8034,False
251246,FB66411_0_1133,66411,2025-01-09,O66411_0_3013,False
251252,FB66412_0_6705,66412,2025-02-07,O66412_0_3441,True
251481,FB66486_0_8016,66486,2025-02-28,O66486_0_4967,False
251916,FB66604_0_3902,66604,2025-01-05,O66604_0_4230,False
252028,FB66630_0_2143,66630,2025-01-21,O66630_0_6049,False
252139,FB66659_0_8562,66659,2025-02-08,O66659_0_7721,False
252367,FB66722_0_7462,66722,2025-02-07,O66722_0_9562,False
252385,FB66726_0_4068,66726,2025-02-21,O66726_0_1611,True
252686,FB66814_0_1968,66814,2025-02-20,O66814_0_4486,True
252829,FB66843_0_9240,66843,2025-02-22,O66843_0_4861,False
253063,FB66903_0_4344,66903,2025-01-06,O66903_0_9395,False
253069,FB66904_0_9252,66904,2025-01-25,O66904_0_4910,False
253321,FB66973_0_4877,66973,2025-02-17,O66973_0_3686,False
253432,FB66998_0_6045,66998,2025-02-10,O66998_0_6244,False
253490,FB67011_0_6134,67011,2025-02-19,O67011_0_6737,False
253544,FB67028_0_6303,67028,2025-01-30,O67028_0_6998,False
253616,FB67047_0_2250,67047,2025-01-31,O67047_0_4902,False
253658,FB67061_0_1376,67061,2025-02-01,O67061_0_5569,True
253664,FB67062_0_2709,67062,2025-01-13,O67062_0_5683,False
253841,FB67107_0_4253,67107,2025-02-17,O67107_0_6385,True
253990,FB67146_1_9390,67146,2025-01-18,O67146_1_7489,False
254515,FB67281_0_1713,67281,2025-02-05,O67281_0_8874,True
254893,FB67389_0_2885,67389,2025-01-26,O67389_0_4171,False
254995,FB67411_0_1148,67411,2025-02-02,O67411_0_9160,True
255001,FB67411_1_9297,67411,2025-02-05,,False
255374,FB67506_0_1585,67506,2025-01-30,O67506_0_2801,False
255510,FB67543_0_1260,67543,2025-01-14,O67543_0_4220,False
255523,FB67546_0_5898,67546,2025-01-03,O67546_0_9421,False
255835,FB67617_1_3117,67617,2025-01-03,O67617_1_3611,True
255968,FB67652_0_5517,67652,2025-01-15,O67652_0_7580,True
255983,FB67654_0_5224,67654,2025-02-01,O67654_0_6464,True
256057,FB67677_0_9615,67677,2025-01-13,O67677_0_8224,False
256165,FB67707_0_4052,67707,2025-01-07,O67707_0_4974,False
256744,FB67871_0_4140,67871,2025-02-10,O67871_0_9809,True
257299,FB68023_0_6115,68023,2025-02-16,O68023_0_4707,False
257489,FB68077_0_6234,68077,2025-01-11,O68077_0_4855,True
257875,FB68169_0_4027,68169,2025-01-04,O68169_0_4201,False
258144,FB68241_0_4328,68241,2025-01-22,O68241_0_7781,False
258475,FB68324_0_6563,68324,2025-01-19,O68324_0_1463,False
258742,FB68396_0_1274,68396,2025-02-28,O68396_0_5875,False
259087,FB68485_0_2651,68485,2025-01-31,,False
259165,FB68500_0_9017,68500,2025-02-05,O68500_0_2199,False
259295,FB68536_0_9337,68536,2025-01-28,O68536_0_8212,False
259374,FB68557_0_9989,68557,2025-02-11,O68557_0_7168,True
259788,FB68671_0_6275,68671,2025-01-29,O68671_0_1062,True
259879,FB68696_0_7812,68696,2025-02-09,O68696_0_5889,False
260209,FB68794_0_6886,68794,2025-02-20,O68794_0_7171,True
260276,FB68814_0_9460,68814,2025-02-27,O68814_0_7622,False
260363,FB68835_0_9977,68835,2025-01-24,O68835_0_5593,False
260495,FB68870_0_7658,68870,2025-01-31,O68870_0_8245,False
260645,FB68906_0_2317,68906,2025-01-26,O68906_0_9728,False
260704,FB68922_0_5968,68922,2025-02-07,O68922_0_3786,False
260804,FB68949_0_1390,68949,2025-02-22,O68949_0_8797,False
261530,FB69172_0_8444,69172,2025-02-23,O69172_0_3613,True
261562,,69179,2025-01-21,O69179_0_6851,False
261612,FB69189_0_1144,69189,2025-01-06,O69189_0_1274,True
261757,FB69228_0_4771,69228,2025-02-13,O69228_0_6961,False
262068,FB69309_0_3192,69309,2025-01-05,O69309_0_6365,False
262273,FB69363_0_7115,69363,2025-02-20,O69363_0_5979,False
262667,FB69465_0_5696,69465,2025-01-14,O69465_0_7282,True
262718,FB69474_0_3283,69474,2025-02-23,O69474_0_1677,True
262836,FB69508_0_7097,69508,2025-02-28,O69508_0_3652,True
263194,FB69608_0_3349,69608,2025-01-17,O69608_0_5635,False
263480,FB69680_0_3594,69680,2025-02-06,O69680_0_2268,False
263880,FB69790_0_4351,69790,2025-02-22,O69790_0_5109,False
263956,FB69812_0_9078,69812,2025-01-19,O69812_0_2532,False
264510,FB69950_1_5125,69950,2025-02-15,O69950_1_8608,False
264540,FB69957_0_1581,69957,2025-02-03,O69957_0_5840,True
265289,FB70150_0_8387,70150,2025-02-12,O70150_0_7138,False
265473,FB70195_0_3665,70195,2025-02-09,O70195_0_1290,True
265510,FB70204_0_1792,70204,2025-01-27,O70204_0_9339,False
266121,FB70364_0_5613,70364,2025-02-06,O70364_0_7338,False
266223,FB70392_0_9767,70392,2025-01-11,O70392_0_3517,False
266256,FB70400_0_6005,70400,2025-02-26,O70400_0_7217,False
266314,FB70414_0_8429,70414,2025-02-24,O70414_0_3298,False
266365,FB70425_0_9787,70425,2025-01-21,O70425_0_5867,True
266392,FB70433_0_5494,70433,2025-02-09,O70433_0_4331,False
266496,FB70455_0_5251,70455,2025-01-11,O70455_0_6247,False
266544,FB70468_0_2449,70468,2025-01-08,O70468_0_1864,True
266757,FB70531_0_3619,70531,2025-02-10,O70531_0_4347,False
266866,FB70558_0_1149,70558,2025-02-01,O70558_0_7235,False
266906,FB70567_0_5246,70567,2025-01-01,O70567_0_6866,False
267107,FB70619_0_5050,70619,2025-01-11,O70619_0_7262,True
267492,FB70727_0_6372,70727,2025-02-15,O70727_0_2769,True
267636,FB70766_0_1538,70766,2025-02-13,O70766_0_4037,True
268034,FB70868_1_7922,70868,2025-02-19,O70868_1_4602,False
268615,FB71023_0_3682,71023,2025-01-04,O71023_0_6429,True
268831,FB71078_0_2537,71078,2025-02-02,O71078_0_3464,True
268837,FB71078_1_9619,71078,2025-02-09,O71078_1_8675,False
268944,FB71105_1_3937,71105,2025-01-12,O71105_1_7762,False
269049,FB71132_0_4090,71132,2025-02-21,O71132_0_6118,False
269216,,71173,2025-01-13,,
269262,FB71184_0_2153,71184,2025-01-03,O71184_0_2464,False
269699,FB71295_0_8976,71295,2025-02-12,O71295_0_3986,False
269871,FB71339_0_4510,71339,2025-01-26,O71339_0_1113,True
269946,FB71357_0_2456,71357,2025-02-25,O71357_0_4852,False
270003,FB71372_0_6981,71372,2025-02-12,O71372_0_8491,False
270018,FB71373_0_5237,71373,2025-02-27,O71373_0_9821,False
270062,FB71386_0_6736,71386,2025-01-10,O71386_0_4860,False
270209,FB71426_0_6736,71426,2025-02-06,O71426_0_9369,False
270321,FB71450_0_4079,71450,2025-01-21,O71450_0_9209,False
270474,FB71487_0_6187,71487,2025-01-07,O71487_0_6530,False
270958,FB71617_1_4498,71617,2025-02-27,O71617_1_6392,True
270993,FB71625_0_6658,71625,2025-01-31,O71625_0_4919,True
271145,FB71664_0_3525,71664,2025-01-31,O71664_0_5990,False
271218,FB71683_0_7930,71683,2025-01-15,O71683_0_6421,False
271474,FB71759_0_7133,71759,2025-02-18,O71759_0_4023,False
271755,FB71825_0_5705,71825,2025-01-19,O71825_0_2000,True
271871,FB71850_1_3835,71850,2025-02-07,O71850_1_3577,False
271911,FB71860_0_5332,71860,2025-02-22,O71860_0_5243,True
272119,FB71903_0_4711,71903,2025-02-12,O71903_0_4464,True
272301,FB71946_0_9824,71946,2025-02-18,O71946_0_5131,False
272520,FB72000_0_7320,72000,2025-01-25,O72000_0_7862,True
272642,FB72026_0_2635,72026,2025-01-01,O72026_0_6538,False
273063,FB72148_0_6695,72148,2025-01-22,O72148_0_2352,True
273149,FB72176_0_1502,72176,2025-01-19,O72176_0_8934,False
273322,FB72225_0_3556,72225,2025-01-05,O72225_0_6389,True
273711,,72338,2025-01-27,,
273888,FB72378_0_4039,72378,2025-02-04,O72378_0_9582,False
274048,FB72418_0_1640,72418,2025-02-24,O72418_0_1467,False
274064,FB72423_0_2242,72423,2025-01-06,O72423_0_6378,False
274197,FB72454_1_7672,72454,2025-01-09,O72454_1_6288,True
275174,FB72706_1_1290,72706,2025-02-03,O72706_1_4114,False
275194,FB72711_0_9182,72711,2025-01-07,O72711_0_6715,False
275439,FB72777_0_3677,72777,2025-01-30,O72777_0_2776,True
275445,FB72777_1_4660,72777,2025-02-05,O72777_1_9457,False
275547,FB72803_0_3569,72803,2025-02-19,O72803_0_4747,False
275565,FB72807_0_9714,72807,2025-01-31,O72807_0_9988,False
275592,FB72815_0_7801,72815,2025-02-10,O72815_0_3214,True
275960,FB72906_0_3821,72906,2025-01-24,O72906_0_9738,False
276130,FB72948_0_4889,72948,2025-01-11,O72948_0_6687,False
276615,FB73062_0_1547,73062,2025-01-02,O73062_0_7997,False
276943,FB73158_0_1503,73158,2025-02-22,O73158_0_4751,False
276966,FB73163_1_6806,73163,2025-01-28,O73163_1_1845,False
276982,FB73168_0_3402,73168,2025-01-06,O73168_0_4268,False
277026,FB73180_0_5504,73180,2025-02-26,O73180_0_7571,True
277230,FB73237_0_4210,73237,2025-02-13,,True
277298,FB73254_0_2443,73254,2025-01-25,O73254_0_4634,False
277618,FB73333_0_9970,73333,2025-02-24,O73333_0_8333,True
277653,FB73339_0_8221,73339,2025-02-19,O73339_0_6667,False
278333,FB73530_0_3993,73530,2025-01-24,O73530_0_7673,False
278765,FB73657_0_2253,73657,2025-02-14,O73657_0_6333,False
279196,FB73779_1_1022,73779,2025-01-21,O73779_1_4769,False
279429,FB73851_0_1514,73851,2025-01-19,O73851_0_2159,False
280032,FB74030_0_6836,74030,2025-02-22,O74030_0_1246,False
281171,FB74310_1_5831,74310,2025-02-24,O74310_1_3611,False
281463,FB74393_0_4466,74393,2025-01-30,O74393_0_5724,True
281938,FB74516_1_6908,74516,2025-02-13,O74516_1_1718,False
281954,FB74518_1_5041,74518,2025-02-05,O74518_1_2404,False
282047,FB74545_0_4976,74545,2025-01-20,O74545_0_3119,True
282062,FB74547_0_9121,74547,2025-01-29,O74547_0_2209,True
282302,FB74603_1_2771,74603,2025-02-25,O74603_1_2494,False
282470,FB74651_0_4387,74651,2025-02-02,O74651_0_6837,False
282518,FB74661_0_3604,74661,2025-02-07,O74661_0_9765,False
282679,FB74698_0_4973,74698,2025-02-22,O74698_0_6663,False
282908,FB74763_0_6955,74763,2025-01-01,O74763_0_9268,False
283094,FB74807_0_8648,74807,2025-01-08,O74807_0_2832,False
283100,FB74807_1_1248,74807,2025-01-10,O74807_1_2709,True
283130,FB74819_0_5852,74819,2025-01-10,O74819_0_1933,False
283295,FB74865_0_7899,74865,2025-02-02,O74865_0_8724,False
283372,FB74884_0_9537,74884,2025-01-05,,False
283545,FB74931_0_3911,74931,2025-02-04,O74931_0_1334,True
283677,FB74968_0_9797,74968,2025-02-06,O74968_0_1788,False
284272,FB75123_0_9593,75123,2025-01-30,O75123_0_3546,False
284329,FB75135_0_7685,75135,2025-02-23,O75135_0_9088,False
284406,FB75157_0_2089,75157,2025-01-24,O75157_0_4746,False
284623,FB75213_0_1994,75213,2025-01-11,O75213_0_6409,False
284900,FB75275_1_3023,75275,2025-01-07,O75275_1_9572,False
285093,FB75323_0_8617,75323,2025-01-05,O75323_0_4744,False
285125,FB75329_0_8250,75329,2025-02-03,O75329_0_7298,False
285370,FB75395_0_1613,75395,2025-01-20,O75395_0_5508,False
285446,FB75412_0_4536,75412,2025-02-07,O75412_0_4069,False
285587,FB75447_0_8744,75447,2025-02-14,O75447_0_9835,True
285779,FB75498_1_4105,75498,2025-02-08,O75498_1_7793,False
285970,FB75546_0_3230,75546,2025-02-19,O75546_0_8706,False
286162,FB75598_0_8539,75598,2025-01-20,O75598_0_6196,False
286400,FB75657_0_5264,75657,2025-02-15,O75657_0_4114,False
286707,FB75735_0_1362,75735,2025-02-23,O75735_0_1179,False
287059,FB75830_0_5038,75830,2025-01-26,O75830_0_8208,False
287390,FB75921_0_4474,75921,2025-01-27,O75921_0_6876,False
287646,FB75981_0_4119,75981,2025-01-24,O75981_0_3985,True
287748,FB76009_0_2855,76009,2025-01-16,O76009_0_1631,False
287870,FB76040_0_4103,76040,2025-02-06,O76040_0_3081,False
288054,FB76088_0_2165,76088,2025-01-25,O76088_0_7482,False
288206,FB76133_0_2873,76133,2025-02-26,O76133_0_4085,False
288494,FB76196_1_9387,76196,2025-01-02,O76196_1_6029,False
288590,FB76224_0_8103,76224,2025-02-22,O76224_0_6835,True
288815,FB76284_0_5086,76284,2025-01-29,O76284_0_9578,True
289090,FB76357_0_8461,76357,2025-02-04,O76357_0_8380,False
289354,FB76436_1_3171,76436,2025-01-06,O76436_1_4947,False
289434,FB76455_0_3948,76455,2025-01-22,O76455_0_6069,False
289739,FB76533_0_5587,76533,2025-01-29,O76533_0_7187,True
289789,FB76548_0_6987,76548,2025-01-13,O76548_0_7289,False
289995,FB76597_0_7526,76597,2025-01-08,O76597_0_1035,False
290159,FB76642_0_1153,76642,2025-02-25,O76642_0_8976,True
290562,FB76754_0_8167,76754,2025-02-22,O76754_0_7172,False
290596,FB76766_0_7348,76766,2025-02-20,O76766_0_1465,False
291014,FB76883_0_4742,76883,2025-01-18,O76883_0_2718,False
291206,FB76935_0_7295,76935,2025-02-04,O76935_0_2768,True
291526,FB77032_0_5503,77032,2025-02-04,O77032_0_4141,False
291690,FB77074_0_4240,77074,2025-01-09,O77074_0_2744,False
292021,,77161,2025-02-20,O77161_0_5644,True
292523,FB77280_0_9715,77280,2025-01-19,O77280_0_5995,False
292890,FB77384_0_6861,77384,2025-02-27,O77384_0_7759,False
293001,FB77415_0_3462,77415,2025-02-21,O77415_0_5141,True
293007,FB77416_0_2618,77416,2025-01-25,O77416_0_8061,False
293016,FB77418_0_3156,77418,2025-02-21,O77418_0_2324,False
293082,FB77433_0_4134,77433,2025-01-24,O77433_0_9391,False
293192,FB77458_0_6004,77458,2025-01-13,O77458_0_9367,True
293620,FB77573_0_2434,77573,2025-01-31,O77573_0_4200,False
293674,FB77590_0_1355,77590,2025-01-29,O77590_0_2571,False
294633,FB77861_0_5889,77861,2025-01-30,O77861_0_3816,True
295017,FB77970_0_7863,77970,2025-01-07,O77970_0_8458,True
295062,FB77978_0_7757,77978,2025-02-11,O77978_0_6859,False
295219,FB78009_0_8398,78009,2025-01-19,O78009_0_6558,True
295507,FB78079_0_4937,78079,2025-01-08,,True
295727,FB78135_0_3886,78135,2025-02-24,O78135_0_4952,False
295769,FB78145_0_9385,78145,2025-02-26,O78145_0_3786,False
295785,FB78147_0_2719,78147,2025-02-09,O78147_0_1113,False
295997,FB78205_0_4757,78205,2025-01-02,O78205_0_9359,False
296029,FB78214_0_3417,78214,2025-01-27,O78214_0_4994,False
296184,FB78254_1_5556,78254,2025-01-28,O78254_1_8653,False
296271,FB78275_0_2868,78275,2025-01-06,O78275_0_8522,False
296605,FB78370_0_3771,78370,2025-02-04,O78370_0_7320,True
296795,FB78423_0_7026,78423,2025-02-08,O78423_0_6604,True
297151,FB78519_0_6763,78519,2025-02-14,O78519_0_3117,False
297478,FB78608_0_4397,78608,2025-02-06,O78608_0_4367,False
297614,FB78649_0_9210,78649,2025-01-12,O78649_0_3095,False
297664,FB78664_0_2365,78664,2025-02-14,O78664_0_2028,False
298058,FB78778_0_5109,78778,2025-01-18,O78778_0_6992,False
298211,FB78812_0_8381,78812,2025-02-21,O78812_0_5488,False
298359,FB78847_0_6043,78847,2025-01-04,O78847_0_6635,False
298434,FB78864_0_5235,78864,2025-02-19,O78864_0_7223,False
298502,FB78883_1_9478,78883,2025-02-13,O78883_1_9129,False
298699,FB78934_0_8290,78934,2025-02-25,O78934_0_2071,False
298776,FB78956_0_1109,78956,2025-02-24,O78956_0_8058,True
298877,FB78983_0_9049,78983,2025-01-24,O78983_0_6926,False
298910,FB78992_0_6756,78992,2025-01-29,O78992_0_9780,False
298926,FB78993_0_1018,78993,2025-01-09,O78993_0_7312,False
299149,FB79050_0_1338,79050,2025-02-08,O79050_0_9540,False
299576,FB79173_0_8476,79173,2025-01-13,O79173_0_1770,False
299898,FB79257_0_5753,79257,2025-01-31,O79257_0_4686,True
300517,FB79428_0_6325,79428,2025-02-04,O79428_0_3879,False
300570,FB79445_0_2209,79445,2025-01-10,O79445_0_3503,False
300818,FB79515_0_6513,79515,2025-02-26,O79515_0_4990,False
300862,FB79529_0_7688,79529,2025-01-15,O79529_0_6523,False
301673,,79758,2025-02-05,,
301931,FB79819_0_3410,79819,2025-02-02,O79819_0_3644,False
302070,,79852,2025-01-13,O79852_0_9577,False
302280,FB79910_0_7585,79910,2025-02-01,O79910_0_9719,False
302413,FB79943_0_8377,79943,2025-02-18,O79943_0_5566,True
302642,FB79997_0_7889,79997,2025-02-11,O79997_0_9451,True
302790,FB80035_0_3491,80035,2025-02-27,O80035_0_1970,False
302937,FB80074_0_8122,80074,2025-02-17,O80074_0_7319,False
302976,FB80084_0_3672,80084,2025-01-04,O80084_0_5435,False
303156,FB80137_0_1287,80137,2025-02-07,O80137_0_6031,True
303172,FB80142_0_5160,80142,2025-02-11,O80142_0_4115,False
303286,FB80169_0_7255,80169,2025-02-27,O80169_0_1413,False
303312,FB80177_0_6747,80177,2025-01-03,O80177_0_7314,True
303318,FB80177_1_9346,80177,2025-01-09,O80177_1_3412,False
303739,FB80291_0_3002,80291,2025-01-11,O80291_0_2504,False
303779,FB80300_0_1021,80300,2025-02-26,O80300_0_6419,False
303876,FB80324_0_9550,80324,2025-01-16,O80324_0_2276,True
303931,FB80339_0_5645,80339,2025-01-14,O80339_0_7311,False
303978,,80351,2025-01-26,O80351_0_9986,False
304138,FB80386_1_3552,80386,2025-02-13,O80386_1_5311,False
304908,FB80599_0_9021,80599,2025-02-14,O80599_0_1413,True
304976,FB80615_0_4080,80615,2025-01-13,O80615_0_2367,False
305474,FB80760_0_3644,80760,2025-01-23,,False
305898,FB80876_0_8930,80876,2025-01-17,O80876_0_4371,False
305904,FB80877_0_4779,80877,2025-01-20,O80877_0_8695,False
305910,FB80878_0_3240,80878,2025-02-10,O80878_0_5263,False
305940,FB80886_0_1528,80886,2025-02-01,O80886_0_2013,False
306239,FB80971_0_5355,80971,2025-01-12,O80971_0_2756,True
306315,FB80991_0_2332,80991,2025-02-03,O80991_0_6105,False
306333,,80997,2025-01-23,O80997_0_7679,True
306447,FB81023_0_3901,81023,2025-02-21,O81023_0_6558,False
306543,FB81052_0_4062,81052,2025-01-24,O81052_0_9742,True
306590,FB81067_0_4695,81067,2025-01-21,O81067_0_9090,False
306757,FB81107_0_5231,81107,2025-01-24,O81107_0_1393,True
306826,FB81127_0_8511,81127,2025-01-23,O81127_0_6821,False
307124,FB81210_0_5332,81210,2025-01-15,O81210_0_3548,False
307397,FB81278_0_5004,81278,2025-02-11,O81278_0_1064,False
307431,FB81287_0_9946,81287,2025-02-26,O81287_0_5762,False
307482,FB81302_0_9490,81302,2025-01-11,O81302_0_5135,False
307562,FB81321_0_5339,81321,2025-01-14,O81321_0_9091,False
307595,FB81328_0_9337,81328,2025-02-28,O81328_0_4532,False
307886,FB81410_0_8657,81410,2025-01-21,O81410_0_6995,True
307963,FB81432_0_1167,81432,2025-01-22,O81432_0_2476,True
308060,FB81457_0_9245,81457,2025-02-26,O81457_0_4938,False
308081,FB81461_0_5725,81461,2025-01-20,O81461_0_2229,True
308087,FB81461_1_9074,81461,2025-01-23,O81461_1_2451,False
308225,FB81496_0_4176,81496,2025-02-22,O81496_0_5170,False
308363,FB81528_1_1519,81528,2025-02-09,O81528_1_7109,False
308888,FB81675_0_9616,81675,2025-01-15,,False
309419,FB81818_0_8523,81818,2025-01-28,O81818_0_3811,True
309482,FB81840_0_6004,81840,2025-01-01,O81840_0_8744,False
309507,FB81845_0_5964,81845,2025-01-02,O81845_0_5376,True
309610,FB81868_0_7360,81868,2025-01-29,O81868_0_4032,False
309901,FB81943_0_2397,81943,2025-01-27,O81943_0_2260,False
310553,FB82114_0_3249,82114,2025-02-10,O82114_0_3354,False
310974,FB82219_0_9219,82219,2025-02-09,O82219_0_9666,False
311022,FB82231_0_7105,82231,2025-02-01,O82231_0_7973,True
311185,FB82273_0_2196,82273,2025-01-22,O82273_0_6651,False
311254,FB82289_0_5915,82289,2025-01-08,O82289_0_4906,False
311336,FB82314_0_6694,82314,2025-02-13,O82314_0_8203,False
311503,FB82356_0_6443,82356,2025-01-28,O82356_0_2323,False
311873,FB82451_0_9848,82451,2025-01-17,O82451_0_2198,False
311990,FB82476_0_3139,82476,2025-01-11,O82476_0_7893,False
312063,FB82492_0_7203,82492,2025-02-27,O82492_0_7182,False
312365,FB82573_0_2312,82573,2025-02-07,O82573_0_6104,True
312448,FB82595_0_2043,82595,2025-01-01,O82595_0_2616,False
312479,FB82599_0_1921,82599,2025-01-12,,False
312498,FB82604_0_2688,82604,2025-01-25,O82604_0_8596,False
312560,FB82622_0_8722,82622,2025-01-17,O82622_0_7184,False
313009,FB82743_0_9992,82743,2025-02-19,O82743_0_8996,True
313054,FB82754_0_4448,82754,2025-02-28,O82754_0_2770,False
313150,FB82781_0_6212,82781,2025-02-25,O82781_0_4140,True
313181,FB82788_0_1124,82788,2025-02-24,O82788_0_6050,True
313311,FB82821_0_5276,82821,2025-02-17,O82821_0_6033,True
313540,FB82881_0_6056,82881,2025-02-12,O82881_0_4904,True
313734,FB82932_0_6314,82932,2025-02-07,O82932_0_2432,False
313836,FB82957_0_3196,82957,2025-01-13,O82957_0_2752,True
313947,FB82984_0_4584,82984,2025-02-09,O82984_0_3982,False
314068,FB83021_0_9875,83021,2025-01-08,O83021_0_8995,True
314115,FB83033_0_7555,83033,2025-02-18,O83033_0_4264,True
314153,FB83041_0_1190,83041,2025-01-17,O83041_0_8523,False
314192,,83049,2025-01-28,O83049_0_7039,False
314289,FB83071_0_5572,83071,2025-01-02,O83071_0_6614,False
314331,FB83079_1_1904,83079,2025-01-14,O83079_1_8682,True
314448,FB83119_0_8048,83119,2025-02-08,,False
314905,FB83238_0_6616,83238,2025-01-24,O83238_0_9206,False
315174,FB83298_0_7035,83298,2025-02-25,O83298_0_7101,False
315475,FB83386_0_1023,83386,2025-01-26,O83386_0_3464,False
316166,FB83567_0_2966,83567,2025-02-18,O83567_0_3680,False
316385,FB83625_0_1615,83625,2025-02-15,O83625_0_9876,False
316640,FB83688_1_6281,83688,2025-01-13,O83688_1_8552,False
316715,FB83708_0_5229,83708,2025-01-25,O83708_0_1121,False
316965,FB83772_0_6166,83772,2025-01-02,O83772_0_7885,False
317237,FB83841_0_6016,83841,2025-01-17,O83841_0_9093,True
318005,FB84047_0_3007,84047,2025-01-05,O84047_0_9183,True
318011,FB84047_1_6145,84047,2025-01-10,O84047_1_5626,False
318118,FB84082_0_2513,84082,2025-01-28,O84082_0_4577,False
318153,FB84090_0_1213,84090,2025-01-05,O84090_0_8682,True
318300,FB84131_0_4759,84131,2025-02-06,O84131_0_3088,True
318306,FB84132_0_3287,84132,2025-02-26,O84132_0_3940,False
318356,FB84147_0_9069,84147,2025-01-21,O84147_0_5695,False
318568,FB84208_0_8449,84208,2025-01-23,O84208_0_8009,False
318608,FB84221_0_8394,84221,2025-02-22,O84221_0_6406,False
318708,FB84249_0_2341,84249,2025-02-07,O84249_0_6156,False
318732,FB84255_0_9232,84255,2025-01-25,O84255_0_9277,False
319044,FB84333_1_1486,84333,2025-02-12,O84333_1_6339,False
319050,FB84334_0_7385,84334,2025-01-17,O84334_0_9282,False
319078,FB84342_1_7825,84342,2025-01-22,,False
319229,FB84373_0_7726,84373,2025-01-28,O84373_0_9071,True
319440,FB84426_0_3415,84426,2025-01-31,O84426_0_9600,True
319893,FB84552_0_5043,84552,2025-01-12,O84552_0_3670,False
320592,FB84736_0_8607,84736,2025-01-14,O84736_0_8705,True
320618,FB84744_0_4879,84744,2025-01-19,O84744_0_5460,False
321251,FB84913_0_3357,84913,2025-02-26,O84913_0_1478,False
321434,FB84955_0_4399,84955,2025-01-04,O84955_0_4048,True
321754,FB85037_0_4118,85037,2025-01-31,O85037_0_8327,True
321970,FB85100_0_1034,85100,2025-01-27,O85100_0_3458,False
322042,FB85117_0_4140,85117,2025-01-28,O85117_0_4219,False
322053,FB85121_0_4493,85121,2025-02-14,O85121_0_6646,False
322395,FB85211_1_5264,85211,2025-02-26,O85211_1_9071,True
322706,FB85292_0_5712,85292,2025-01-09,O85292_0_2731,True
322961,FB85360_1_2944,85360,2025-01-15,O85360_1_4161,False
323009,FB85374_0_8263,85374,2025-02-04,O85374_0_6091,False
323092,FB85396_0_4509,85396,2025-01-21,O85396_0_1733,False
323225,FB85428_1_1975,85428,2025-01-20,O85428_1_1849,True
323489,FB85496_1_4039,85496,2025-01-16,O85496_1_4420,False
323502,FB85499_0_4433,85499,2025-01-26,O85499_0_4957,False
323688,FB85550_0_6070,85550,2025-02-21,O85550_0_3166,False
323860,FB85597_0_5643,85597,2025-01-03,O85597_0_4586,True
323967,FB85622_0_5952,85622,2025-01-17,O85622_0_9926,False
324009,FB85633_0_9626,85633,2025-01-08,O85633_0_9261,False
324196,FB85685_0_9148,85685,2025-01-21,O85685_0_4653,True
324396,FB85740_1_3289,85740,2025-02-07,O85740_1_1827,False
325554,FB86055_1_2746,86055,2025-01-20,O86055_1_3161,True
325806,FB86121_0_4172,86121,2025-02-05,O86121_0_3257,True
326013,FB86176_0_4781,86176,2025-02-07,O86176_0_1709,False
326382,FB86272_0_7851,86272,2025-02-05,O86272_0_9732,False
326445,FB86288_0_9155,86288,2025-01-19,O86288_0_2990,False
326611,FB86335_0_6821,86335,2025-02-22,O86335_0_5837,False
326627,FB86338_0_1094,86338,2025-02-07,O86338_0_7047,False
326650,FB86343_0_1336,86343,2025-02-24,O86343_0_4972,False
326782,FB86378_0_8967,86378,2025-01-24,O86378_0_7026,False
326795,FB86382_0_6476,86382,2025-02-08,O86382_0_7691,False
327248,FB86513_0_2071,86513,2025-01-03,O86513_0_5534,True
327281,FB86520_0_6719,86520,2025-01-19,O86520_0_2649,False
327317,FB86531_0_8323,86531,2025-02-16,O86531_0_3538,False
327527,FB86586_0_3016,86586,2025-01-15,O86586_0_4700,False
327575,FB86596_0_8451,86596,2025-01-21,O86596_0_2401,False
327588,FB86599_0_9867,86599,2025-01-14,O86599_0_3803,False
328027,FB86725_1_7796,86725,2025-01-14,O86725_1_6916,False
328045,FB86727_0_1606,86727,2025-02-09,O86727_0_9695,False
328098,FB86741_1_4002,86741,2025-01-21,O86741_1_2036,False
328368,FB86799_0_6973,86799,2025-01-30,O86799_0_4521,False
328462,FB86826_0_6003,86826,2025-02-17,O86826_0_5047,False
328984,FB86951_0_8516,86951,2025-02-13,O86951_0_6722,False
329137,FB86989_0_5397,86989,2025-02-05,O86989_0_8800,False
329293,FB87028_0_8297,87028,2025-01-26,O87028_0_7678,False
329414,FB87061_0_8980,87061,2025-01-31,O87061_0_1839,True
329427,FB87064_0_3931,87064,2025-01-23,O87064_0_1807,False
329814,FB87160_0_3890,87160,2025-02-18,O87160_0_5624,False
329894,FB87180_1_7794,87180,2025-02-21,O87180_1_9135,True
329915,FB87184_0_5087,87184,2025-02-24,O87184_0_1743,True
330851,FB87434_0_7241,87434,2025-02-06,O87434_0_1423,False
331159,FB87519_0_8634,87519,2025-01-06,O87519_0_4829,True
331262,FB87539_0_9803,87539,2025-01-13,O87539_0_4686,False
331303,FB87549_0_7954,87549,2025-02-12,O87549_0_9569,False
331456,FB87588_0_4871,87588,2025-01-20,O87588_0_8065,False
331511,FB87602_0_5572,87602,2025-01-27,O87602_0_1309,False
331594,FB87624_1_3312,87624,2025-02-28,O87624_1_1169,False
331639,FB87637_1_5651,87637,2025-01-20,O87637_1_1765,True
331651,FB87641_0_7643,87641,2025-01-30,O87641_0_8381,False
331961,FB87723_0_8392,87723,2025-02-14,O87723_0_4324,True
332291,FB87816_0_2682,87816,2025-02-01,O87816_0_7754,False
332460,FB87869_0_3378,87869,2025-01-07,O87869_0_4446,False
332791,FB87961_0_2093,87961,2025-02-19,O87961_0_8625,False
332850,FB87974_0_4537,87974,2025-02-16,O87974_0_6774,False
333007,FB88009_0_1172,88009,2025-01-30,O88009_0_8823,False
333225,FB88068_0_3565,88068,2025-02-22,O88068_0_9092,True
333545,FB88155_0_8654,88155,2025-02-24,O88155_0_6746,True
334050,FB88279_1_2149,88279,2025-01-21,O88279_1_6526,False
334236,FB88333_0_3225,88333,2025-02-10,O88333_0_8633,True
334438,FB88392_0_4688,88392,2025-01-14,O88392_0_7323,False
334467,FB88399_0_3493,88399,2025-01-07,O88399_0_6832,True
334579,FB88426_0_7732,88426,2025-01-18,O88426_0_9824,False
334772,FB88472_1_1844,88472,2025-02-03,O88472_1_3047,True
334844,FB88490_0_8930,88490,2025-01-18,O88490_0_7366,False
335013,FB88539_0_7815,88539,2025-01-23,O88539_0_6603,True
335168,FB88580_0_5370,88580,2025-01-14,O88580_0_1399,False
335236,FB88594_0_1246,88594,2025-02-16,O88594_0_1143,False
335242,FB88594_1_2518,88594,2025-02-18,O88594_1_9102,True
335999,FB88787_0_2930,88787,2025-02-22,O88787_0_1087,False
336185,FB88835_0_5618,88835,2025-01-08,O88835_0_4642,True
336470,FB88904_0_5397,88904,2025-02-21,O88904_0_9350,False
337015,FB89037_0_3606,89037,2025-01-23,O89037_0_4443,True
337311,FB89111_0_2558,89111,2025-01-07,O89111_0_9286,False
337318,FB89113_0_4924,89113,2025-02-02,O89113_0_9155,False
337435,FB89150_0_5652,89150,2025-02-06,O89150_0_6591,False
337551,FB89184_1_3966,89184,2025-02-15,O89184_1_5600,False
337697,FB89229_0_6101,89229,2025-02-18,O89229_0_7990,False
337755,FB89244_0_7097,89244,2025-01-13,O89244_0_5458,False
338038,FB89321_0_9069,89321,2025-01-14,O89321_0_1213,False
338421,FB89416_1_4660,89416,2025-01-08,O89416_1_7366,False
338784,FB89512_0_5867,89512,2025-02-27,O89512_0_3939,True
338914,FB89551_0_4517,89551,2025-02-22,O89551_0_6529,True
339014,FB89577_0_4868,89577,2025-01-16,O89577_0_6613,True
339054,FB89586_1_1601,89586,2025-02-04,O89586_1_8220,False
339119,FB89604_0_6406,89604,2025-02-19,O89604_0_5089,False
339158,FB89612_0_7426,89612,2025-01-04,O89612_0_7005,False
339468,FB89703_0_7022,89703,2025-02-28,O89703_0_6655,False
339712,FB89763_0_6250,89763,2025-01-28,O89763_0_9316,True
339975,FB89841_0_2438,89841,2025-02-12,O89841_0_1101,False
340319,FB89936_0_7743,89936,2025-01-29,O89936_0_1886,False
340392,FB89952_0_6162,89952,2025-02-14,O89952_0_6116,False
340749,FB90041_0_2080,90041,2025-01-04,O90041_0_6643,False
340875,FB90072_1_2783,90072,2025-02-09,O90072_1_9736,False
340898,FB90077_0_7623,90077,2025-01-12,O90077_0_2563,True
340980,FB90097_0_5721,90097,2025-01-02,O90097_0_1216,False
342403,FB90479_0_2419,90479,2025-02-10,O90479_0_8909,False
342684,FB90558_0_8395,90558,2025-01-16,O90558_0_3423,False
342700,FB90563_0_8854,90563,2025-01-11,O90563_0_3250,True
342868,FB90611_0_1673,90611,2025-02-20,O90611_0_5248,False
342995,FB90642_0_6237,90642,2025-01-03,O90642_0_5215,False
343009,FB90645_0_6855,90645,2025-02-07,O90645_0_1428,True
343074,,90671,2025-02-02,O90671_0_6999,True
343155,FB90687_0_1902,90687,2025-01-18,O90687_0_8433,True
343647,FB90819_0_4781,90819,2025-02-22,O90819_0_7530,True
343962,FB90909_0_8570,90909,2025-01-15,O90909_0_6237,True
344347,FB91009_0_3441,91009,2025-02-06,O91009_0_5999,True
344366,FB91014_0_1216,91014,2025-01-05,O91014_0_8871,True
344389,FB91018_0_1398,91018,2025-01-03,O91018_0_7320,False
344427,FB91026_1_6516,91026,2025-01-26,O91026_1_1615,False
344540,FB91056_1_1066,91056,2025-02-28,O91056_1_8990,False
344853,FB91138_0_9058,91138,2025-01-02,O91138_0_6157,False
344864,FB91141_0_2405,91141,2025-02-15,O91141_0_7402,True
345032,FB91177_0_2571,91177,2025-02-09,,False
345054,FB91182_0_3331,91182,2025-02-05,O91182_0_1486,False
346296,FB91502_0_9023,91502,2025-02-07,O91502_0_1144,True
346330,FB91512_0_6202,91512,2025-02-18,O91512_0_2457,False
346420,FB91538_0_8452,91538,2025-02-22,O91538_0_8203,False
346594,FB91581_0_1489,91581,2025-01-06,O91581_0_5447,False
346632,FB91593_0_1314,91593,2025-01-22,O91593_0_4631,True
346730,FB91619_0_2045,91619,2025-01-11,O91619_0_1717,True
346817,FB91639_0_4319,91639,2025-01-07,O91639_0_8724,False
347170,FB91745_0_5559,91745,2025-01-02,O91745_0_7762,False
347476,FB91822_0_9100,91822,2025-01-05,O91822_0_1431,False
347501,FB91827_0_6613,91827,2025-01-27,O91827_0_7786,False
347563,FB91841_0_4525,91841,2025-01-27,O91841_0_1497,False
347603,FB91850_0_6289,91850,2025-01-26,,False
347673,FB91868_0_3946,91868,2025-01-16,O91868_0_3396,False
347901,FB91926_0_8561,91926,2025-01-30,O91926_0_6352,False
348079,FB91977_0_5638,91977,2025-01-15,O91977_0_2647,True
348099,FB91981_0_7803,91981,2025-02-01,O91981_0_6333,False
348165,FB92000_1_5481,92000,2025-02-25,O92000_1_5802,False
348182,FB92004_0_2955,92004,2025-02-21,O92004_0_7309,True
348236,FB92018_0_7677,92018,2025-01-31,O92018_0_6209,True
348389,FB92057_0_5037,92057,2025-01-07,O92057_0_9867,True
348496,FB92089_0_3937,92089,2025-02-22,O92089_0_8044,False
348898,FB92193_0_3946,92193,2025-02-21,O92193_0_3360,False
349324,FB92297_1_7813,92297,2025-01-08,O92297_1_3786,False
349411,FB92319_0_2205,92319,2025-01-27,O92319_0_6385,True
349505,FB92342_0_1317,92342,2025-01-12,O92342_0_8635,False
349746,FB92413_0_9148,92413,2025-01-06,O92413_0_7056,False
349921,FB92458_0_8754,92458,2025-02-21,O92458_0_4507,False
349964,FB92470_0_7172,92470,2025-02-07,O92470_0_3016,False
350023,FB92482_0_4449,92482,2025-02-24,O92482_0_5073,False
350137,FB92509_0_2299,92509,2025-01-21,O92509_0_7914,True
350557,FB92611_0_1680,92611,2025-02-13,O92611_0_3708,False
350665,FB92638_0_9412,92638,2025-01-17,O92638_0_3920,False
350698,FB92649_0_1888,92649,2025-01-09,O92649_0_4103,False
351268,FB92812_0_2572,92812,2025-01-04,O92812_0_1957,True
351542,,92886,2025-01-13,,
351867,FB92983_0_6563,92983,2025-01-22,O92983_0_4995,False
351890,FB92988_0_8305,92988,2025-02-18,O92988_0_9633,False
351917,FB92992_0_4151,92992,2025-02-03,O92992_0_8608,False
352319,FB93095_1_6144,93095,2025-02-11,O93095_1_6320,True
352547,FB93161_0_7893,93161,2025-01-06,O93161_0_8021,False
352714,FB93206_0_3068,93206,2025-02-15,O93206_0_6593,False
352990,FB93285_0_1863,93285,2025-01-04,O93285_0_4372,False
353238,FB93343_0_9903,93343,2025-02-16,O93343_0_5419,False
353340,FB93365_1_5040,93365,2025-03-01,O93365_1_7871,False
353410,FB93381_0_9524,93381,2025-02-07,O93381_0_1591,False
353652,FB93449_0_3029,93449,2025-01-24,O93449_0_6070,True
353693,FB93458_1_3840,93458,2025-02-18,O93458_1_3264,False
353851,FB93500_0_3368,93500,2025-02-19,O93500_0_4068,False
353914,FB93517_0_9748,93517,2025-01-25,O93517_0_7406,False
354071,FB93561_0_2830,93561,2025-02-06,O93561_0_3777,False
354334,FB93641_0_5521,93641,2025-02-06,O93641_0_9176,False
354625,FB93718_0_3283,93718,2025-01-10,O93718_0_6767,False
354813,FB93760_1_4616,93760,2025-01-10,O93760_1_1469,False
355252,,93887,2025-02-23,O93887_0_7907,False
355491,FB93949_1_2489,93949,2025-02-07,O93949_1_8433,False
355608,FB93979_0_4355,93979,2025-02-22,O93979_0_4002,True
355843,FB94046_0_8875,94046,2025-02-12,O94046_0_4738,False
356132,FB94128_0_6325,94128,2025-02-11,O94128_0_2514,False
357137,FB94403_0_4103,94403,2025-01-07,O94403_0_1674,True
357261,FB94440_0_7364,94440,2025-01-21,O94440_0_7501,False
357741,FB94576_0_7836,94576,2025-01-30,O94576_0_1364,True
358043,FB94655_0_1299,94655,2025-01-07,O94655_0_1043,False
358049,FB94656_0_2163,94656,2025-02-18,O94656_0_7289,True
358095,FB94667_0_3081,94667,2025-01-30,O94667_0_6074,True
358437,FB94768_0_3548,94768,2025-01-13,O94768_0_4144,False
358475,FB94780_0_1635,94780,2025-01-16,O94780_0_4327,True
359367,FB95011_0_4649,95011,2025-02-20,O95011_0_1174,False
359462,FB95036_0_3522,95036,2025-01-17,O95036_0_3507,False
359507,FB95051_0_6321,95051,2025-01-31,O95051_0_9179,False
359793,FB95119_0_9258,95119,2025-02-23,O95119_0_6334,True
359853,FB95133_1_8403,95133,2025-02-13,O95133_1_5066,False
360598,FB95339_0_2913,95339,2025-02-26,O95339_0_4940,False
360686,FB95357_1_3441,95357,2025-02-08,O95357_1_9438,True
360847,FB95396_0_3182,95396,2025-02-20,O95396_0_6240,False
360854,FB95397_0_8504,95397,2025-01-10,O95397_0_9696,False
360998,FB95434_0_9868,95434,2025-02-24,O95434_0_4469,False
361109,FB95473_0_9285,95473,2025-01-12,O95473_0_5411,False
361733,FB95635_0_3592,95635,2025-01-10,O95635_0_7643,True
361794,FB95652_0_7832,95652,2025-02-07,O95652_0_8849,False
362096,,95734,2025-01-29,O95734_0_2346,False
362131,FB95744_0_2142,95744,2025-02-14,O95744_0_1664,False
362210,FB95766_0_5228,95766,2025-01-07,O95766_0_8101,False
362268,FB95780_0_2701,95780,2025-01-01,O95780_0_2052,False
362289,FB95785_0_5625,95785,2025-02-03,O95785_0_5716,False
362414,FB95817_0_2273,95817,2025-02-21,O95817_0_1211,False
362421,FB95819_0_7815,95819,2025-02-03,O95819_0_5329,False
362640,FB95871_0_6646,95871,2025-02-01,O95871_0_7039,False
362679,FB95880_1_6902,95880,2025-02-11,O95880_1_4019,False
362747,FB95895_0_6737,95895,2025-01-29,O95895_0_5570,True
363150,FB96005_0_5527,96005,2025-02-24,O96005_0_8879,False
363261,FB96030_0_4676,96030,2025-02-19,O96030_0_6810,True
363270,FB96032_0_2427,96032,2025-02-12,O96032_0_7260,False
363396,FB96061_0_4329,96061,2025-02-26,O96061_0_4316,True
363556,FB96099_1_9495,96099,2025-02-28,O96099_1_6543,False
363762,FB96160_0_1733,96160,2025-02-13,O96160_0_9025,False
363830,FB96180_0_1325,96180,2025-02-06,O96180_0_2810,False
363971,FB96221_1_1394,96221,2025-01-20,O96221_1_3945,False
364020,FB96234_0_3764,96234,2025-02-09,O96234_0_4718,False
364093,FB96252_1_3542,96252,2025-01-27,O96252_1_8260,False
364242,FB96289_0_7115,96289,2025-01-27,O96289_0_8109,False
364269,FB96296_0_4397,96296,2025-02-12,O96296_0_2102,True
364293,FB96303_0_4862,96303,2025-01-23,O96303_0_7819,False
364536,FB96369_0_4736,96369,2025-01-07,O96369_0_1117,False
364687,FB96416_0_7157,96416,2025-01-02,O96416_0_5365,False
365374,FB96590_0_7900,96590,2025-01-09,O96590_0_8824,False
365423,FB96597_0_8198,96597,2025-01-20,O96597_0_3876,False
365457,FB96607_0_1827,96607,2025-02-25,O96607_0_1499,False
365602,FB96649_0_3651,96649,2025-02-27,O96649_0_5017,True
365670,FB96669_0_1390,96669,2025-02-19,,False
366499,FB96895_1_2919,96895,2025-02-09,O96895_1_5906,False
366505,FB96896_0_9670,96896,2025-01-19,O96896_0_6282,False
366683,FB96943_0_5669,96943,2025-01-14,O96943_0_8999,True
366802,,96976,2025-01-03,,
366814,,96979,2025-01-19,O96979_0_3406,False
366955,FB97017_1_4841,97017,2025-01-16,O97017_1_7643,True
366991,FB97030_0_7501,97030,2025-01-09,O97030_0_3773,False
367157,FB97068_0_6789,97068,2025-01-28,O97068_0_2074,True
367489,FB97151_0_6385,97151,2025-01-23,O97151_0_3194,False
367592,FB97175_0_4595,97175,2025-02-10,O97175_0_6679,True
368001,FB97290_0_4661,97290,2025-02-28,O97290_0_6804,False
368154,FB97330_0_1161,97330,2025-01-09,O97330_0_9250,False
368360,FB97383_0_5186,97383,2025-02-27,O97383_0_9856,False
368366,FB97383_1_8786,97383,2025-03-01,O97383_1_9519,False
368432,FB97401_0_3571,97401,2025-01-23,O97401_0_7448,False
368717,FB97473_0_5182,97473,2025-01-18,O97473_0_3391,True
368824,FB97502_0_9939,97502,2025-02-03,O97502_0_9081,False
368923,FB97527_1_8686,97527,2025-02-21,O97527_1_7173,True
368953,FB97533_0_8020,97533,2025-01-26,O97533_0_4485,False
369561,,97706,2025-02-03,O97706_0_8800,False
369684,FB97737_0_3147,97737,2025-02-01,O97737_0_7637,False
369756,FB97760_0_1231,97760,2025-02-20,O97760_0_8039,False
369813,FB97774_0_9536,97774,2025-02-08,O97774_0_6430,False
369860,FB97787_0_3230,97787,2025-01-16,O97787_0_3596,True
369871,FB97788_0_1846,97788,2025-02-10,O97788_0_3463,False
369962,,97810,2025-01-28,O97810_0_2368,False
370112,FB97852_0_8169,97852,2025-01-10,O97852_0_7482,True
370360,FB97919_1_7696,97919,2025-01-15,O97919_1_6394,False
370379,FB97923_0_6303,97923,2025-01-15,O97923_0_6817,True
370589,FB97974_0_7135,97974,2025-02-27,O97974_0_6194,False
370595,FB97975_0_4691,97975,2025-01-09,O97975_0_1847,False
371228,FB98151_0_2904,98151,2025-02-13,O98151_0_4822,True
371363,FB98184_0_3301,98184,2025-02-04,O98184_0_1358,False
371503,FB98224_0_7787,98224,2025-02-21,O98224_0_3100,False
371710,FB98281_0_4188,98281,2025-02-19,O98281_0_6011,False
371789,FB98299_0_2182,98299,2025-01-05,O98299_0_9016,True
371888,FB98325_0_4566,98325,2025-01-16,O98325_0_4042,True
371938,FB98344_0_8489,98344,2025-02-10,O98344_0_6709,True
372135,FB98396_0_8306,98396,2025-01-15,O98396_0_8696,False
372252,FB98428_0_9526,98428,2025-01-30,O98428_0_3629,True
372712,FB98555_0_2397,98555,2025-02-20,O98555_0_9078,True
372753,FB98566_0_3364,98566,2025-01-22,O98566_0_9282,False
372770,FB98569_0_6733,98569,2025-01-28,O98569_0_4366,False
372834,FB98582_0_2007,98582,2025-02-13,O98582_0_1438,False
372865,FB98590_0_7282,98590,2025-01-24,O98590_0_5986,False
373356,,98730,2025-02-17,,
373445,FB98755_0_2826,98755,2025-01-17,O98755_0_7914,False
373458,FB98758_0_2455,98758,2025-02-14,O98758_0_5306,False
373512,FB98772_0_3437,98772,2025-01-30,O98772_0_3478,False
373579,FB98788_0_4270,98788,2025-02-05,O98788_0_4896,False
373639,FB98801_0_6361,98801,2025-02-24,O98801_0_8805,False
373671,FB98808_0_2316,98808,2025-02-10,O98808_0_1062,False
373992,FB98895_0_8383,98895,2025-01-02,O98895_0_7116,False
374178,FB98937_1_4192,98937,2025-02-03,O98937_1_4556,False
374207,FB98946_0_5912,98946,2025-01-10,O98946_0_1149,False
374292,FB98964_0_2867,98964,2025-01-05,O98964_0_6230,True
374391,FB98990_0_9969,98990,2025-01-17,O98990_0_7159,False
374521,FB99028_0_3629,99028,2025-01-16,O99028_0_5342,False
374673,FB99068_0_8366,99068,2025-02-06,O99068_0_3844,False
374934,FB99140_0_5217,99140,2025-02-16,O99140_0_5752,True
374972,FB99148_0_1694,99148,2025-02-24,O99148_0_8582,True
375236,FB99218_1_4448,99218,2025-01-29,O99218_1_2526,False
375408,FB99263_0_7743,99263,2025-02-18,O99263_0_7754,True
375506,FB99287_0_8570,99287,2025-01-12,O99287_0_2589,True
375546,FB99302_0_5458,99302,2025-01-31,O99302_0_3167,False
376976,FB99645_0_2542,99645,2025-02-20,O99645_0_6676,False
376993,FB99649_0_6561,99649,2025-02-23,O99649_0_6671,True
377051,FB99670_0_4288,99670,2025-01-15,O99670_0_3066,False
377070,FB99673_0_3379,99673,2025-02-17,O99673_0_8486,False
377283,FB99736_0_9859,99736,2025-02-22,O99736_0_3575,False
377441,FB99777_0_5716,99777,2025-01-16,O99777_0_2012,False
377450,FB99779_0_4367,99779,2025-01-27,O99779_0_9457,False
377588,FB99816_0_1351,99816,2025-01-22,O99816_0_5092,False
378134,FB99959_0_6155,99959,2025-01-10,O99959_0_8124,False
